Player,G,PA,AB,H,1B,2B,3B,HR,SB,CS,BB,HBP,SH,SF,TBp,TBp / PA,Year
Juan Soto,47,196,154,54,27,14,0,13,6,2,41,1,0,0,153,0.780612245,2020
Freddie Freeman,60,262,214,73,36,23,1,13,2,0,45,3,0,0,187,0.713740458,2020
Ronald Acuna Jr.,46,202,160,40,15,11,0,14,8,1,38,4,0,0,142,0.702970297,2020
Marcell Ozuna,60,267,228,77,45,14,0,18,0,0,38,0,0,1,184,0.689138577,2020
Jose Ramirez,58,254,219,64,30,16,1,17,10,3,31,3,0,1,175,0.688976378,2020
Jared Walsh,32,108,99,29,14,4,2,9,0,0,5,1,0,3,73,0.675925926,2020
Mike Trout,53,241,199,56,28,9,2,17,1,1,35,3,0,4,162,0.67219917,2020
Bryce Harper,58,244,190,51,27,9,2,13,8,2,49,2,1,2,163,0.668032787,2020
Austin Slater,31,104,85,24,16,2,1,5,8,1,16,2,1,0,69,0.663461538,2020
Trea Turner,59,259,233,78,47,15,4,12,12,4,22,2,0,2,171,0.66023166,2020
Brandon Belt,51,179,149,46,23,13,1,9,0,0,30,0,0,0,118,0.659217877,2020
Dominic Smith,50,199,177,56,24,21,1,10,0,0,14,5,0,3,131,0.658291457,2020
Fernando Tatis Jr.,59,257,224,62,32,11,2,17,11,3,27,5,0,1,169,0.657587549,2020
Salvador Perez,37,156,150,50,27,12,0,11,1,0,3,2,0,1,102,0.653846154,2020
Will Smith,37,137,114,33,16,9,0,8,0,0,20,2,0,1,89,0.649635036,2020
Nelson Cruz,53,214,185,56,34,6,0,16,0,0,25,4,0,0,139,0.64953271,2020
Jose Abreu,60,262,240,76,42,15,0,19,0,0,18,3,0,1,170,0.648854962,2020
Wil Myers,55,218,198,57,26,14,2,15,2,1,18,2,0,0,141,0.646788991,2020
Luke Voit,56,234,213,59,32,5,0,22,0,0,17,3,0,1,151,0.645299145,2020
DJ LeMahieu,50,216,195,71,49,10,2,10,3,0,18,2,0,1,139,0.643518519,2020
Mookie Betts,55,246,219,64,38,9,1,16,10,2,24,2,0,1,158,0.642276423,2020
Manny Machado,60,254,224,68,39,12,1,16,6,3,26,0,0,4,163,0.641732283,2020
Mike Yastrzemski,54,225,192,57,29,14,4,10,2,1,30,3,0,0,143,0.635555556,2020
Jesse Winker,54,183,149,38,19,7,0,12,1,0,28,5,0,1,116,0.633879781,2020
Teoscar Hernandez,50,207,190,55,32,7,0,16,6,1,14,1,0,1,131,0.632850242,2020
Brandon Lowe,56,224,193,52,27,9,2,14,3,0,25,4,0,2,141,0.629464286,2020
Corey Seager,52,232,212,65,37,12,1,15,1,0,17,1,0,2,145,0.625,2020
Alex Dickerson,52,170,151,45,24,10,1,10,0,0,16,2,0,1,106,0.623529412,2020
Clint Frazier,39,160,131,35,20,6,1,8,3,0,25,3,0,1,99,0.61875,2020
Dylan Moore,38,159,137,35,18,9,0,8,12,5,14,8,0,0,97,0.610062893,2020
Trevor Story,59,259,235,68,40,13,4,11,15,3,24,0,0,0,158,0.61003861,2020
Kole Calhoun,54,228,190,43,18,9,0,16,1,1,28,6,0,4,138,0.605263158,2020
Anthony Santander,37,165,153,40,15,13,1,11,0,1,10,2,0,0,99,0.6,2020
Max Stassi,31,105,90,25,16,2,0,7,0,0,11,1,0,3,63,0.6,2020
Rhys Hoskins,41,185,151,37,18,9,0,10,1,0,29,5,0,0,111,0.6,2020
Byron Buxton,39,135,130,33,17,3,0,13,2,1,2,1,0,2,81,0.6,2020
Mitch Moreland,42,152,136,36,17,9,0,10,0,0,15,1,0,0,91,0.598684211,2020
AJ Pollock,55,210,196,54,29,9,0,16,2,2,12,0,0,2,125,0.595238095,2020
James McCann,31,111,97,28,18,3,0,7,1,1,8,4,0,2,66,0.594594595,2020
George Springer,51,222,189,50,28,6,2,14,1,2,24,5,0,2,132,0.594594595,2020
Anthony Rendon,52,232,189,54,33,11,1,9,0,0,38,5,0,0,137,0.590517241,2020
Robbie Grossman,51,192,166,40,18,12,2,8,8,1,21,5,0,0,113,0.588541667,2020
Aaron Judge,28,114,101,26,14,3,0,9,0,1,10,2,0,0,67,0.587719298,2020
Miguel Rojas,40,143,125,38,23,10,1,4,5,1,16,2,0,0,84,0.587412587,2020
Travis d'Arnaud,44,184,165,53,36,8,0,9,1,0,16,2,0,1,108,0.586956522,2020
Xander Bogaerts,56,225,203,61,42,8,0,11,8,0,21,0,0,1,132,0.586666667,2020
Eloy Jimenez,55,226,213,63,35,14,0,14,0,0,12,0,0,1,132,0.584070796,2020
Kyle Tucker,58,228,209,56,29,12,6,9,8,1,18,0,0,1,133,0.583333333,2020
Eric Hosmer,38,156,143,41,26,6,0,9,4,0,9,2,0,2,91,0.583333333,2020
Rowdy Tellez,35,127,113,32,19,5,0,8,0,1,11,1,0,2,74,0.582677165,2020
Jose Iglesias,39,150,142,53,33,17,0,3,0,0,3,4,0,1,87,0.58,2020
Michael Conforto,54,233,202,65,44,12,0,9,3,3,24,7,0,0,135,0.579399142,2020
Willi Castro,36,140,129,45,33,4,2,6,0,1,7,1,1,2,81,0.578571429,2020
Josh Donaldson,28,102,81,18,10,2,0,6,0,0,18,2,0,1,59,0.578431373,2020
Lourdes Gurriel Jr.,57,224,208,64,39,14,0,11,3,1,14,0,0,2,129,0.575892857,2020
Adam Duvall,57,209,190,45,21,8,0,16,0,0,15,3,0,1,120,0.574162679,2020
DJ Stewart,31,112,88,17,8,2,0,7,0,0,20,2,2,0,64,0.571428571,2020
Robinson Cano,49,182,171,54,35,9,0,10,0,0,9,1,0,1,104,0.571428571,2020
Jedd Gyorko,42,135,117,29,17,3,0,9,0,0,15,1,0,2,77,0.57037037,2020
Tim Anderson,49,221,208,67,45,11,1,10,5,2,10,2,0,1,126,0.570135747,2020
Jason Heyward,50,181,147,39,25,6,2,6,2,0,30,2,0,2,103,0.569060773,2020
Brandon Nimmo,55,225,186,52,33,8,3,8,1,2,33,6,0,0,128,0.568888889,2020
Trent Grisham,59,252,215,54,33,8,3,10,10,1,31,3,1,1,143,0.567460317,2020
Ian Happ,57,231,198,51,27,11,1,12,1,3,30,2,1,0,131,0.567099567,2020
Matt Chapman,37,152,142,33,12,9,2,10,0,0,8,1,0,1,86,0.565789474,2020
JaCoby Jones,30,108,97,26,12,9,0,5,1,1,7,3,0,1,61,0.564814815,2020
J.T. Realmuto,47,195,173,46,29,6,0,11,4,1,16,6,0,0,110,0.564102564,2020
Gio Urshela,43,174,151,45,28,11,0,6,1,0,18,1,0,4,98,0.563218391,2020
Pete Alonso,57,239,208,48,26,6,0,16,1,0,24,6,0,1,134,0.560669456,2020
Paul Goldschmidt,58,231,191,58,39,13,0,6,1,0,37,1,0,1,129,0.558441558,2020
Kyle Seager,60,248,203,49,28,12,0,9,5,0,32,7,0,6,138,0.556451613,2020
Bo Bichette,29,128,123,37,22,9,1,5,4,1,5,0,0,0,71,0.5546875,2020
Eugenio Suarez,57,231,198,40,17,8,0,15,2,0,30,2,0,1,128,0.554112554,2020
Wilmer Flores,55,213,198,53,29,11,1,12,1,0,13,1,0,1,118,0.55399061,2020
Jeimer Candelario,52,206,185,55,34,11,3,7,1,1,20,1,0,0,114,0.553398058,2020
Mike Moustakas,44,163,139,32,15,9,0,8,1,0,18,4,0,2,90,0.552147239,2020
Mark Canha,59,243,191,47,28,12,2,5,4,0,37,10,0,5,134,0.551440329,2020
Chris Taylor,56,214,185,50,30,10,2,8,3,2,26,2,1,0,118,0.551401869,2020
Sean Murphy,43,140,116,27,15,5,0,7,0,0,24,0,0,0,77,0.55,2020
Brad Miller,48,171,142,33,17,8,1,7,1,0,25,3,0,1,94,0.549707602,2020
Garrett Cooper,34,133,120,34,20,8,0,6,0,0,11,2,0,0,73,0.54887218,2020
Cavan Biggio,59,265,220,55,31,16,0,8,6,0,41,3,0,0,145,0.547169811,2020
Christian Yelich,58,247,200,41,21,7,1,12,4,2,46,1,0,0,135,0.546558704,2020
Aaron Hicks,54,211,169,38,20,10,2,6,4,1,41,1,0,0,115,0.545023697,2020
Harrison Bader,50,125,106,24,11,7,2,4,3,1,13,5,0,1,68,0.544,2020
Cody Bellinger,56,243,213,51,29,10,0,12,6,1,30,0,0,0,132,0.543209877,2020
Alex Verdugo,53,221,201,62,40,16,0,6,4,0,17,2,0,1,120,0.542986425,2020
Justin Turner,42,175,150,46,32,9,1,4,1,0,18,6,0,1,95,0.542857143,2020
Renato Nunez,52,216,195,50,28,10,0,12,0,0,17,3,0,1,117,0.541666667,2020
Jake Cronenworth,54,192,172,49,27,15,3,4,3,1,18,1,0,1,104,0.541666667,2020
Didi Gregorius,60,237,215,61,39,10,2,10,3,2,15,4,1,2,128,0.540084388,2020
Alec Bohm,44,180,160,54,39,11,0,4,1,1,16,2,0,2,97,0.538888889,2020
Joey Votto,54,223,186,42,23,8,0,11,0,0,37,0,0,0,120,0.538116592,2020
Austin Nola,48,184,161,44,27,9,1,7,0,0,18,3,0,2,99,0.538043478,2020
Dansby Swanson,60,264,237,65,40,15,0,10,5,0,22,4,0,1,142,0.537878788,2020
Kyle Lewis,58,242,206,54,40,3,0,11,5,1,34,0,0,2,130,0.537190083,2020
Willy Adames,54,205,185,48,24,15,1,8,2,1,20,0,0,0,110,0.536585366,2020
Ryan Mountcastle,35,140,126,42,32,5,0,5,0,1,11,1,0,2,75,0.535714286,2020
Michael Brantley,46,187,170,51,31,15,0,5,2,0,17,0,0,0,100,0.534759358,2020
Alex Bregman,42,180,153,37,18,12,1,6,0,0,24,2,0,1,96,0.533333333,2020
Brian Anderson,59,229,200,51,32,7,1,11,0,0,22,6,0,1,122,0.532751092,2020
Eddie Rosario,57,231,210,54,34,7,0,13,3,1,19,0,0,2,123,0.532467532,2020
Tommy La Stella,55,228,196,55,34,14,2,5,1,0,27,2,1,2,121,0.530701754,2020
Colin Moran,52,200,178,44,24,10,0,10,0,0,19,2,0,1,106,0.53,2020
Jackie Bradley Jr.,55,217,191,54,36,11,0,7,5,2,23,2,0,1,115,0.529953917,2020
Nick Castellanos,60,242,218,49,22,11,2,14,0,2,19,4,0,1,128,0.52892562,2020
Miguel Sano,53,205,186,38,13,12,0,13,0,0,18,1,0,0,108,0.526829268,2020
Max Kepler,48,196,171,39,21,9,0,9,3,0,22,2,0,1,103,0.525510204,2020
Ryan Braun,39,141,129,30,14,7,1,8,1,0,7,2,0,1,74,0.524822695,2020
Jon Berti,39,149,120,31,24,5,0,2,9,2,23,3,2,1,78,0.523489933,2020
Jesus Aguilar,51,216,188,52,34,10,0,8,0,1,23,1,0,4,113,0.523148148,2020
Leody Taveras,33,134,119,27,16,6,1,4,8,0,14,0,1,0,70,0.52238806,2020
Yan Gomes,30,119,109,31,20,6,1,4,1,0,6,1,0,3,62,0.521008403,2020
Yasmani Grandal,46,194,161,37,22,7,0,8,0,0,30,1,0,2,101,0.520618557,2020
Luis Robert,56,227,202,47,28,8,0,11,9,2,20,1,0,2,118,0.519823789,2020
Jurickson Profar,56,202,180,50,37,6,0,7,7,1,15,4,1,2,105,0.51980198,2020
Adalberto Mondesi,59,233,219,56,36,11,3,6,24,8,11,1,2,0,121,0.519313305,2020
Franmil Reyes,59,241,211,58,39,10,0,9,0,0,24,1,0,5,125,0.518672199,2020
Anthony Rizzo,58,243,203,45,28,6,0,11,3,1,28,10,0,2,126,0.518518519,2020
Brian Goodwin,50,164,144,31,15,9,1,6,5,0,17,1,0,2,85,0.518292683,2020
Brandon Crawford,54,193,172,44,24,12,0,8,1,2,15,4,0,2,100,0.518134715,2020
Joey Wendle,50,184,168,48,33,9,2,4,8,2,10,5,0,1,95,0.516304348,2020
Rafael Devers,57,248,232,61,33,16,1,11,0,0,13,3,0,0,128,0.516129032,2020
Ty France,43,155,141,43,29,9,1,4,0,0,11,3,0,0,80,0.516129032,2020
Randal Grichuk,55,231,216,59,38,9,0,12,1,1,13,0,0,2,119,0.515151515,2020
Andres Gimenez,49,132,118,31,23,3,2,3,8,1,7,6,0,1,68,0.515151515,2020
Vladimir Guerrero Jr.,60,243,221,58,34,13,2,9,1,0,20,2,0,0,125,0.514403292,2020
Christian Walker,57,243,218,59,33,18,1,7,1,1,19,3,0,3,125,0.514403292,2020
Jonathan Schoop,44,177,162,45,31,4,2,8,0,0,8,4,0,2,91,0.514124294,2020
Starling Marte,61,250,228,64,43,14,1,6,10,2,12,9,0,1,128,0.512,2020
Jeff McNeil,52,209,183,57,39,14,0,4,0,2,20,3,0,3,107,0.511961722,2020
Shin-Soo Choo,33,127,110,26,18,3,0,5,6,2,13,2,0,2,65,0.511811024,2020
Jorge Soler,43,174,149,34,18,8,0,8,0,0,19,3,0,1,89,0.511494253,2020
Kevin Pillar,54,223,208,60,39,12,3,6,5,2,13,2,0,0,114,0.511210762,2020
Matt Olson,60,245,210,41,22,4,1,14,1,0,34,1,0,0,125,0.510204082,2020
Charlie Blackmon,59,247,221,67,48,12,1,6,2,1,19,2,0,5,126,0.510121457,2020
Whit Merrifield,60,265,248,70,49,12,0,9,12,3,12,4,0,1,135,0.509433962,2020
Sam Hilliard,36,114,105,22,12,2,2,6,3,0,9,0,0,0,58,0.50877193,2020
Ozzie Albies,29,124,118,32,21,5,0,6,3,1,5,1,0,0,63,0.508064516,2020
Christian Vazquez,47,189,173,49,33,9,0,7,4,3,16,0,0,0,96,0.507936508,2020
Asdrubal Cabrera,52,213,190,46,26,9,3,8,0,0,19,0,0,4,108,0.507042254,2020
Andrew McCutchen,57,241,217,55,36,9,0,10,4,0,22,1,0,1,122,0.506224066,2020
Maikel Franco,60,243,223,62,38,16,0,8,1,0,16,0,0,4,123,0.50617284,2020
Hunter Dozier,44,186,158,36,24,4,2,6,4,0,27,1,0,0,94,0.505376344,2020
Jay Bruce,32,103,96,19,7,4,2,6,0,0,7,0,0,0,52,0.504854369,2020
Max Muncy,58,248,203,39,23,4,0,12,1,0,39,4,0,2,125,0.504032258,2020
Jason Kipnis,44,135,114,27,15,8,1,3,1,0,18,1,0,2,68,0.503703704,2020
Ji-Man Choi,42,145,122,28,12,13,0,3,0,0,20,0,0,3,73,0.503448276,2020
David Bote,45,145,125,25,14,3,1,7,2,0,17,2,0,1,73,0.503448276,2020
Brett Gardner,49,158,130,29,18,5,1,5,3,3,26,1,0,1,79,0.5,2020
Willson Contreras,57,225,189,46,29,10,0,7,1,2,20,14,0,2,112,0.497777778,2020
Donovan Solano,54,203,190,62,43,15,1,3,0,0,10,2,0,1,101,0.497536946,2020
Martin Maldonado,47,165,135,29,19,4,0,6,1,0,27,1,2,0,82,0.496969697,2020
Francisco Lindor,60,266,236,61,40,13,0,8,6,2,24,4,0,2,132,0.496240602,2020
Chance Sisco,36,121,98,21,13,4,0,4,0,0,17,6,0,0,60,0.495867769,2020
J.D. Davis,56,229,190,47,32,9,0,6,0,0,31,7,0,1,113,0.493449782,2020
Pat Valaika,52,150,141,39,27,4,0,8,0,2,8,0,1,0,74,0.493333333,2020
Yandy Di­az,34,138,114,35,30,3,0,2,0,0,23,1,0,0,68,0.492753623,2020
Matt Kemp,43,132,117,28,19,3,0,6,1,0,15,0,0,0,65,0.492424242,2020
Kevin Kiermaier,49,159,138,30,19,5,3,3,8,1,20,1,0,0,78,0.490566038,2020
Cedric Mullins,48,153,140,38,28,4,3,3,7,2,8,1,4,0,75,0.490196078,2020
Miguel Cabrera,57,231,204,51,37,4,0,10,1,0,24,1,0,2,113,0.489177489,2020
Jean Segura,54,217,192,51,37,5,2,7,2,2,23,1,1,0,106,0.488479263,2020
Kurt Suzuki,33,129,111,30,20,8,0,2,1,0,11,4,0,3,63,0.488372093,2020
Nolan Arenado,48,201,182,46,29,9,0,8,0,0,15,0,0,4,98,0.487562189,2020
David Fletcher,49,230,207,66,50,13,0,3,2,1,20,0,1,2,112,0.486956522,2020
Kyle Schwarber,59,224,191,36,19,6,0,11,1,0,30,3,0,0,109,0.486607143,2020
Yoshi Tsutsugo,51,185,157,31,17,5,1,8,0,0,26,1,0,1,90,0.486486486,2020
Raimel Tapia,51,206,184,59,48,8,2,1,8,2,14,2,1,3,100,0.485436893,2020
Daniel Vogelbach,39,136,115,24,15,3,0,6,0,0,20,1,0,0,66,0.485294118,2020
Keston Hiura,59,246,217,46,29,4,0,13,3,2,16,11,0,2,119,0.483739837,2020
Hunter Renfroe,42,139,122,19,6,5,0,8,2,0,14,2,0,1,67,0.482014388,2020
Ramon Laureano,54,222,183,39,24,8,1,6,2,1,24,12,0,3,107,0.481981982,2020
Shohei Ohtani,44,175,153,29,16,6,0,7,7,1,22,0,0,0,84,0.48,2020
Joey Gallo,57,226,193,35,17,8,0,10,2,0,29,4,0,0,108,0.477876106,2020
David Peralta,54,218,203,61,45,10,1,5,1,0,13,0,0,2,104,0.47706422,2020
Ryan McMahon,52,193,172,37,21,6,1,9,0,1,18,2,0,1,92,0.476683938,2020
Danny Jansen,43,147,120,22,13,3,0,6,0,0,21,2,3,1,70,0.476190476,2020
Orlando Arcia,59,189,173,45,29,10,1,5,2,0,14,1,0,1,90,0.476190476,2020
Justin Upton,42,166,147,30,16,5,0,9,0,2,11,7,0,1,79,0.475903614,2020
Joshua Fuentes,30,103,98,30,21,7,0,2,1,0,2,1,0,2,49,0.475728155,2020
Rio Ruiz,54,204,185,41,21,11,0,9,1,2,17,0,1,1,97,0.475490196,2020
Carlos Santana,60,255,206,41,26,7,0,8,0,0,47,1,0,1,121,0.474509804,2020
Freddy Galvis,47,159,141,31,19,5,0,7,1,1,13,5,0,0,75,0.471698113,2020
Joc Pederson,43,138,121,23,12,4,0,7,1,0,11,5,0,0,65,0.471014493,2020
Nick Ahmed,57,217,199,53,37,10,1,5,4,0,18,0,0,0,102,0.470046083,2020
Gleyber Torres,42,160,136,33,22,8,0,3,1,0,22,2,0,0,75,0.46875,2020
Yoan Moncada,52,231,200,45,28,8,3,6,0,0,28,1,0,2,108,0.467532468,2020
Cesar Hernandez,58,261,233,66,43,20,0,3,0,0,24,2,1,0,122,0.46743295,2020
Garrett Hampson,53,184,167,39,27,4,3,5,6,1,13,0,3,1,86,0.467391304,2020
Travis Shaw,50,180,163,39,23,10,0,6,0,0,16,0,0,1,84,0.466666667,2020
Austin Riley,51,206,188,45,29,7,1,8,0,0,16,1,0,1,96,0.466019417,2020
Roman Quinn,41,116,108,23,17,3,1,2,12,0,5,2,1,0,54,0.465517241,2020
Cameron Maybin,32,101,93,23,13,8,1,1,3,0,7,1,0,0,47,0.465346535,2020
Evan Longoria,53,209,193,49,31,10,1,7,0,1,11,2,0,3,97,0.464114833,2020
Austin Barnes,29,104,86,21,17,3,0,1,3,0,13,2,2,1,48,0.461538462,2020
Daulton Varsho,37,115,101,19,9,5,2,3,3,1,12,2,0,0,53,0.460869565,2020
Phil Gosselin,39,102,92,23,15,5,0,3,0,0,10,0,0,0,47,0.460784314,2020
Austin Meadows,36,152,132,27,14,8,1,4,2,1,17,1,0,2,70,0.460526316,2020
Adam Eaton,41,176,159,36,20,11,1,4,3,0,12,1,4,0,81,0.460227273,2020
J.D. Martinez,54,237,211,45,22,16,0,7,1,0,22,2,0,2,109,0.459915612,2020
Mike Tauchman,43,111,95,23,17,6,0,0,6,0,14,1,0,1,51,0.459459459,2020
Manuel Margot,47,159,145,39,29,9,0,1,12,4,13,0,0,1,73,0.459119497,2020
Marcus Semien,53,236,211,47,30,9,1,7,4,0,25,0,0,0,108,0.457627119,2020
Ketel Marte,45,195,181,52,35,14,1,2,1,0,7,4,0,3,89,0.456410256,2020
Dexter Fowler,31,101,90,21,15,2,0,4,1,1,10,1,0,0,46,0.455445545,2020
Pedro Severino,48,178,160,40,29,5,1,5,1,0,16,1,1,0,81,0.45505618,2020
Jacob Stallings,42,143,125,31,21,7,0,3,0,0,15,0,2,1,65,0.454545455,2020
Tucker Barnhart,38,110,98,20,12,3,0,5,0,0,12,0,0,0,50,0.454545455,2020
Taylor Ward,34,102,94,26,18,6,2,0,2,0,8,0,0,0,46,0.450980392,2020
Victor Reyes,57,213,202,56,43,7,2,4,8,2,9,2,0,0,96,0.450704225,2020
Ben Gamel,40,127,114,27,15,8,1,3,0,2,13,0,0,0,57,0.448818898,2020
Tommy Pham,31,125,109,23,18,2,0,3,6,0,15,1,0,0,56,0.448,2020
Tyler Wade,52,105,88,15,9,3,0,3,4,1,12,3,1,1,47,0.447619048,2020
Edwin Encarnacion,44,181,159,25,10,5,0,10,0,0,16,4,0,1,81,0.447513812,2020
Tony Kemp,49,114,93,23,18,5,0,0,3,1,15,3,1,2,51,0.447368421,2020
Niko Goodrum,43,179,158,29,16,7,1,5,7,1,18,0,0,3,80,0.446927374,2020
Mauricio Dubon,54,177,157,43,34,4,1,4,2,3,15,1,1,2,79,0.446327684,2020
Luis Arraez,32,121,112,36,27,9,0,0,0,0,8,0,0,1,54,0.446280992,2020
Rougned Odor,38,148,138,23,9,4,0,10,0,1,7,1,0,2,66,0.445945946,2020
Tyler O'Neill,50,157,139,24,12,5,0,7,3,1,15,2,0,1,70,0.445859873,2020
Josh Bell,57,223,195,44,33,3,0,8,0,0,22,2,0,4,99,0.443946188,2020
Gary Sanchez,49,178,156,23,9,4,0,10,0,0,18,4,0,0,79,0.443820225,2020
Jose Marmolejos,35,115,107,22,12,4,0,6,0,1,7,1,0,0,51,0.443478261,2020
Michael Chavis,42,158,146,31,19,5,2,5,3,0,8,2,0,2,70,0.443037975,2020
Corey Dickerson,52,210,194,50,37,5,1,7,1,1,15,0,0,0,93,0.442857143,2020
Josh Reddick,56,210,188,46,30,11,1,4,1,0,20,0,0,1,93,0.442857143,2020
Austin Hays,33,134,122,34,28,2,0,4,2,3,8,2,0,2,59,0.440298507,2020
Enrique Hernandez,48,148,139,32,18,8,1,5,0,1,6,2,0,1,65,0.439189189,2020
Carlos Correa,58,221,201,53,39,9,0,5,0,0,16,3,0,1,97,0.438914027,2020
Wilson Ramos,45,155,142,34,23,6,0,5,0,0,10,2,0,1,68,0.438709677,2020
Nick Solak,58,233,209,56,44,10,0,2,7,1,18,2,0,4,102,0.43776824,2020
Lewis Brinson,47,112,106,24,15,6,0,3,4,0,6,0,0,0,49,0.4375,2020
Hanser Alberto,54,231,219,62,44,15,0,3,3,0,5,3,2,2,101,0.437229437,2020
Paul DeJong,45,174,152,38,29,6,0,3,1,0,17,1,0,4,76,0.436781609,2020
Todd Frazier,45,172,157,37,23,9,1,4,1,1,11,4,0,0,75,0.436046512,2020
Albert Pujols,39,163,152,34,20,8,0,6,0,0,9,1,0,1,71,0.435582822,2020
Nick Markakis,37,141,130,33,17,15,0,1,0,1,10,1,0,0,61,0.432624113,2020
Matt Joyce,46,148,127,32,26,4,0,2,1,0,20,0,0,1,64,0.432432432,2020
Matt Carpenter,50,169,140,26,16,6,0,4,0,0,23,6,0,0,73,0.431952663,2020
J.P. Crawford,53,232,204,52,41,7,2,2,6,3,23,3,0,2,100,0.431034483,2020
Tim Lopes,46,151,143,34,20,12,0,2,5,0,6,2,0,0,65,0.430463576,2020
Yuli Gurriel,57,230,211,49,30,12,1,6,0,1,12,2,0,5,99,0.430434783,2020
Isiah Kiner-Falefa,58,228,211,59,49,4,3,3,8,5,14,2,0,1,98,0.429824561,2020
Kolten Wong,53,208,181,48,41,4,2,1,5,2,20,4,2,1,89,0.427884615,2020
Stephen Piscotty,45,171,159,36,25,6,0,5,4,0,9,1,1,1,73,0.426900585,2020
Justin Smoak,36,132,119,21,9,7,0,5,0,0,10,2,0,1,56,0.424242424,2020
Bryan Reynolds,55,208,185,35,20,6,2,7,1,1,21,1,0,0,88,0.423076923,2020
Tommy Edman,55,227,204,51,38,7,1,5,2,4,16,5,0,2,96,0.422907489,2020
Jake Cave,42,123,113,25,16,3,2,4,0,2,5,5,0,0,52,0.422764228,2020
Kris Bryant,34,147,131,27,17,5,1,4,0,0,12,4,0,0,62,0.421768707,2020
Shogo Akiyama,54,183,155,38,31,6,1,0,7,3,25,2,0,0,77,0.420765027,2020
Jonathan Villar,52,207,185,43,36,5,0,2,16,5,19,0,1,2,87,0.420289855,2020
Carson Kelly,39,129,122,27,17,5,0,5,0,0,6,1,0,0,54,0.418604651,2020
Andrelton Simmons,30,127,118,35,28,7,0,0,2,0,8,1,0,0,53,0.417322835,2020
Adam Frazier,58,230,209,48,34,7,0,7,1,3,17,3,1,0,95,0.413043478,2020
Nick Madrigal,29,109,103,35,32,3,0,0,2,1,4,2,0,0,45,0.412844037,2020
Danny Mendick,33,114,107,26,18,4,1,3,0,1,6,0,0,1,47,0.412280702,2020
Dylan Carlson,35,119,110,22,11,7,1,3,1,1,8,0,0,1,49,0.411764706,2020
Jorge Polanco,55,226,209,54,42,8,0,4,4,2,13,1,2,1,93,0.411504425,2020
Tyler Naquin,40,141,133,29,16,8,1,4,0,1,5,1,0,2,58,0.411347518,2020
Javier Baez,59,235,222,45,27,9,1,8,3,0,7,4,0,2,96,0.408510638,2020
Victor Robles,52,189,168,37,28,5,1,3,4,1,9,9,1,2,77,0.407407407,2020
Eric Thames,41,140,123,25,17,5,0,3,1,0,14,3,0,0,57,0.407142857,2020
Evan White,54,202,182,32,17,7,0,8,1,2,18,1,0,1,82,0.405940594,2020
Joe Panik,41,141,120,27,20,6,0,1,0,0,20,1,0,0,57,0.404255319,2020
Yadier Molina,42,156,145,38,32,2,0,4,0,0,6,3,1,1,63,0.403846154,2020
Marwin Gonzalez,53,199,175,37,28,4,0,5,0,0,17,3,0,4,80,0.40201005,2020
Johan Camargo,35,127,120,24,12,8,0,4,0,0,6,1,0,0,51,0.401574803,2020
Ryan O'Hearn,42,132,113,22,14,6,0,2,0,0,18,0,0,1,53,0.401515152,2020
Victor Caratini,44,132,116,28,20,7,0,1,0,1,12,4,0,0,53,0.401515152,2020
Avisail Garcia,53,207,181,43,31,10,0,2,1,3,20,6,0,0,83,0.400966184,2020
Delino DeShields,37,120,107,27,22,3,2,0,3,2,9,0,4,0,48,0.4,2020
Gregory Polanco,50,174,157,24,11,6,0,7,3,1,13,0,0,3,69,0.396551724,2020
Elvis Andrus,29,111,103,20,12,5,0,3,3,1,8,0,0,0,44,0.396396396,2020
Eduardo Escobar,54,222,203,43,29,7,3,4,1,0,15,2,0,2,88,0.396396396,2020
Jose Altuve,48,210,192,42,28,9,0,5,2,3,17,1,0,0,83,0.395238095,2020
Erik Gonzalez,50,193,181,41,24,13,1,3,2,3,8,0,1,3,76,0.393782383,2020
Jose Peraza,34,120,111,25,15,8,1,1,1,1,5,3,0,1,47,0.391666667,2020
Luis Garcia,40,139,134,37,29,6,0,2,1,1,5,0,0,0,54,0.388489209,2020
Edward Olivares,31,101,96,23,17,2,1,3,0,2,4,0,0,1,39,0.386138614,2020
Alex Gordon,50,184,163,34,26,4,0,4,0,0,18,3,0,0,71,0.385869565,2020
Shed Long,34,128,117,20,12,5,0,3,4,0,11,0,0,0,49,0.3828125,2020
Amed Rosario,46,147,143,36,28,3,1,4,0,1,4,0,0,0,56,0.380952381,2020
Josh Naylor,40,104,97,24,19,3,1,1,1,0,5,1,0,0,39,0.375,2020
Omar Narvaez,40,126,108,19,13,4,0,2,0,0,16,2,0,0,47,0.373015873,2020
Daniel Murphy,40,132,123,29,23,3,0,3,0,0,7,0,0,1,49,0.371212121,2020
Joey Bart,33,111,103,24,17,5,2,0,0,0,3,5,0,0,41,0.369369369,2020
Ehire Adrianza,44,101,89,17,10,7,0,0,1,0,11,1,0,0,37,0.366336634,2020
Nico Hoerner,48,126,108,24,20,4,0,0,3,2,12,3,0,2,46,0.365079365,2020
Ender Inciarte,46,131,116,22,18,2,1,1,4,1,12,0,1,2,47,0.358778626,2020
Brock Holt,36,106,95,20,14,6,0,0,1,0,9,1,0,1,38,0.358490566,2020
Luis Urias,41,120,109,26,21,4,1,0,2,2,10,1,0,0,43,0.358333333,2020
Carter Kieboom,33,122,99,20,19,1,0,0,0,1,17,5,0,1,43,0.352459016,2020
Eric Sogard,43,128,115,24,18,5,0,1,0,0,11,1,0,1,45,0.3515625,2020
Nomar Mazara,42,149,136,31,24,6,0,1,0,1,10,3,0,0,52,0.348993289,2020
Austin Romine,37,135,130,31,24,5,0,2,0,0,4,0,0,1,47,0.348148148,2020
Scott Kingery,36,124,113,18,10,5,0,3,0,0,9,1,1,0,43,0.346774194,2020
Isaac Paredes,34,108,100,22,17,4,0,1,0,0,8,0,0,0,37,0.342592593,2020
Luis Rengifo,33,106,90,14,12,1,0,1,3,1,14,0,2,0,36,0.339622642,2020
Kevin Newman,44,172,156,35,29,5,0,1,0,1,12,1,1,2,58,0.337209302,2020
Tony Wolters,42,109,100,23,19,4,0,0,0,0,6,1,2,0,36,0.330275229,2020
Nicky Lopez,56,192,169,34,25,8,0,1,0,5,18,2,3,0,63,0.328125,2020
Cole Tucker,37,116,109,24,20,3,0,1,1,0,5,0,1,1,38,0.327586207,2020
Willie Calhoun,29,108,100,19,15,2,1,1,0,0,5,1,0,2,34,0.314814815,2020
Roberto Perez,32,110,97,16,13,2,0,1,0,0,11,2,0,0,34,0.309090909,2020
Jo Adell,38,132,124,20,13,4,0,3,0,1,7,1,0,0,40,0.303030303,2020
Christian Yelich,130,580,489,161,85,29,3,44,30,2,80,8,0,3,447,0.770689655,2019
Mike Trout,134,600,470,137,63,27,2,45,11,2,110,16,0,4,442,0.736666667,2019
Yordan Alvarez,87,369,313,98,45,26,0,27,0,0,52,2,0,2,261,0.707317073,2019
Cody Bellinger,156,661,558,170,86,34,3,47,15,5,95,3,0,4,463,0.700453858,2019
Nelson Cruz,120,521,454,141,74,26,0,41,0,1,56,7,0,3,355,0.681381958,2019
Joey Gallo,70,297,241,61,23,15,1,22,4,2,52,2,1,1,202,0.68013468,2019
Mitch Garver,93,359,311,85,37,16,1,31,0,0,41,5,0,2,244,0.679665738,2019
Alex Bregman,156,690,554,164,84,37,2,41,5,1,119,9,0,8,468,0.67826087,2019
Anthony Rendon,146,646,545,174,93,44,3,34,5,1,80,12,0,9,431,0.667182663,2019
Fernando Tatis Jr.,84,372,334,106,65,13,6,22,16,6,30,5,0,3,245,0.658602151,2019
George Springer,122,556,479,140,78,20,3,39,6,2,67,6,0,4,364,0.654676259,2019
David Freese,79,186,162,51,27,13,0,11,0,0,23,1,0,0,121,0.650537634,2019
Juan Soto,150,659,542,153,82,32,5,34,12,1,108,3,0,6,425,0.64491654,2019
Aristides Aquino,56,225,205,53,26,8,0,19,7,0,16,2,0,2,145,0.644444444,2019
Ketel Marte,144,628,569,187,110,36,9,32,10,2,53,4,0,2,404,0.643312102,2019
Pete Alonso,161,693,597,155,70,30,2,53,1,0,72,21,0,3,445,0.642135642,2019
Will Smith,54,196,170,43,19,9,0,15,2,0,18,5,0,3,125,0.637755102,2019
Nolan Arenado,155,662,588,185,111,31,2,41,3,2,62,4,0,8,418,0.63141994,2019
Miguel Sano,105,439,380,94,39,19,2,34,0,1,55,3,0,1,277,0.630979499,2019
Eugenio Suarez,159,662,575,156,83,22,2,49,3,2,70,11,0,6,417,0.629909366,2019
Keston Hiura,84,348,314,95,51,23,2,19,9,3,25,8,0,1,219,0.629310345,2019
Josh Bell,143,613,527,146,69,37,3,37,0,1,74,5,0,7,385,0.628058728,2019
Carlos Correa,75,321,280,78,40,16,1,21,1,0,35,2,0,4,201,0.626168224,2019
Jorge Soler,162,679,589,156,74,33,1,48,3,1,73,10,0,4,424,0.624447717,2019
Trevor Story,145,656,588,173,95,38,5,35,23,8,58,7,0,3,409,0.62347561,2019
Ian Happ,58,156,140,37,18,7,1,11,2,0,15,0,0,1,97,0.621794872,2019
Brad Miller,79,170,154,40,20,6,1,13,2,0,15,1,0,0,105,0.617647059,2019
Jordan Luplow,85,261,225,62,31,15,1,15,3,2,33,2,0,1,161,0.616858238,2019
Howie Kendrick,121,370,334,115,74,23,1,17,2,1,27,4,0,5,228,0.616216216,2019
Mookie Betts,150,706,597,176,102,40,5,29,16,3,97,3,0,9,435,0.616147309,2019
Freddie Freeman,158,692,597,176,102,34,2,38,6,3,87,6,0,2,426,0.615606936,2019
Mike Ford,50,163,143,37,18,7,0,12,0,0,17,3,0,0,100,0.613496933,2019
J.D. Martinez,146,657,575,175,104,33,2,36,2,0,72,4,0,5,403,0.613394216,2019
Ronald Acuna Jr.,156,715,626,175,110,22,2,41,37,9,76,9,0,1,438,0.612587413,2019
Austin Meadows,138,591,530,154,85,29,7,33,12,7,54,7,0,0,362,0.612521151,2019
Xander Bogaerts,155,698,614,190,105,52,0,33,4,2,76,2,0,6,427,0.611747851,2019
Hunter Pence,83,316,286,85,49,17,1,18,6,1,26,2,0,2,193,0.610759494,2019
Aaron Judge,102,447,378,103,57,18,1,27,3,2,64,3,0,1,273,0.610738255,2019
Charlie Blackmon,140,634,580,182,101,42,7,32,2,5,40,9,0,5,385,0.607255521,2019
Bryce Harper,157,682,573,149,77,36,1,35,15,3,99,6,0,4,413,0.605571848,2019
Max Muncy,141,589,487,122,64,22,1,35,4,1,90,8,0,4,356,0.604414261,2019
Josh Donaldson,155,659,549,142,72,33,0,37,4,2,100,8,0,2,398,0.603945372,2019
Bo Bichette,46,212,196,61,32,18,0,11,4,4,14,1,0,1,128,0.603773585,2019
Mark Canha,126,497,410,112,67,16,3,26,3,2,67,18,0,2,300,0.60362173,2019
Anthony Rizzo,146,613,512,150,91,29,3,27,5,2,71,27,0,3,370,0.603588907,2019
Carlos Santana,158,686,573,161,96,30,1,34,4,0,108,3,0,2,412,0.60058309,2019
Adam Duvall,41,130,120,32,17,4,1,10,0,0,7,2,0,1,78,0.6,2019
Yoan Moncada,132,559,511,161,97,34,5,25,10,3,40,4,1,3,335,0.599284436,2019
Corey Dickerson,78,279,260,79,37,28,2,12,1,0,16,0,0,3,167,0.598566308,2019
Matt Olson,127,547,483,129,67,26,0,36,0,0,51,12,0,1,327,0.597806216,2019
Kris Bryant,147,634,543,153,86,35,1,31,4,0,74,15,0,2,378,0.596214511,2019
Joc Pederson,149,514,450,112,57,16,3,36,1,1,50,12,0,2,306,0.595330739,2019
Danny Santana,130,511,474,134,77,23,6,28,21,6,25,6,0,5,304,0.594911937,2019
Edwin Encarnacion,109,486,418,102,50,18,0,34,0,1,58,7,0,3,289,0.594650206,2019
Trea Turner,122,569,521,155,94,37,5,19,35,5,43,3,0,2,337,0.592267135,2019
Kyle Schwarber,155,610,529,132,62,29,3,38,2,3,70,5,0,6,361,0.591803279,2019
Jose Altuve,124,548,500,149,88,27,3,31,6,5,41,3,1,3,324,0.591240876,2019
Ramon Laureano,123,481,434,125,72,29,0,24,13,2,27,11,1,8,284,0.59043659,2019
Byron Buxton,87,295,271,71,27,30,4,10,14,3,19,2,2,1,174,0.589830508,2019
Rafael Devers,156,702,647,201,111,54,4,32,8,8,48,4,1,2,414,0.58974359,2019
Trey Mancini,154,679,602,175,100,38,2,35,1,0,63,9,0,5,400,0.58910162,2019
Willson Contreras,105,409,360,98,54,18,2,24,1,2,38,9,0,2,240,0.586797066,2019
Lourdes Gurriel Jr.,84,343,314,87,46,19,2,20,6,4,20,5,1,3,201,0.586005831,2019
Francisco Lindor,143,654,598,170,96,40,2,32,22,5,46,3,1,6,383,0.585626911,2019
Mike Tauchman,87,296,260,72,40,18,1,13,6,0,34,1,0,1,173,0.584459459,2019
Gleyber Torres,144,604,546,152,88,26,0,38,5,2,48,3,1,6,353,0.584437086,2019
Marcus Semien,162,747,657,187,104,43,7,33,10,8,87,2,0,1,435,0.582329317,2019
Yuli Gurriel,144,612,564,168,95,40,2,31,5,3,37,5,0,6,355,0.580065359,2019
Michael Conforto,151,648,549,141,78,29,1,33,7,2,84,10,0,5,375,0.578703704,2019
J.D. Davis,140,453,410,126,81,22,1,22,3,0,38,3,0,2,262,0.578366446,2019
Nick Solak,33,135,116,34,22,6,1,5,2,0,15,4,0,0,78,0.577777778,2019
Jeff McNeil,133,567,510,162,100,38,1,23,5,6,35,21,0,1,327,0.576719577,2019
Tom Murphy,75,281,260,71,40,12,1,18,2,0,19,1,0,1,162,0.576512456,2019
Gary Sanchez,106,446,396,92,45,12,1,34,0,1,40,9,0,1,257,0.576233184,2019
Justin Turner,135,549,479,139,88,24,0,27,2,0,51,14,0,5,316,0.575591985,2019
Eric Thames,149,459,396,98,48,23,2,25,3,2,51,10,0,2,264,0.575163399,2019
Starling Marte,132,586,539,159,99,31,6,23,25,6,25,16,2,4,337,0.575085324,2019
Brandon Lowe,82,327,296,80,44,17,2,17,5,0,25,5,0,1,188,0.574923547,2019
Yasmani Grandal,153,632,513,126,70,26,2,28,5,1,109,5,0,5,363,0.574367089,2019
Jose Ramirez,129,542,482,123,64,33,3,23,24,4,52,2,0,6,311,0.573800738,2019
Hunter Dozier,139,586,523,146,81,29,10,26,2,2,55,3,0,5,336,0.57337884,2019
Tommy Edman,92,349,326,99,64,17,7,11,15,1,16,7,0,0,200,0.573065903,2019
Mike Moustakas,143,584,523,133,67,30,1,35,3,0,53,6,0,2,334,0.571917808,2019
Brett Gardner,141,550,491,123,62,26,7,28,10,2,52,4,0,3,314,0.570909091,2019
Max Kepler,134,596,524,132,64,32,0,36,1,5,60,8,0,4,340,0.570469799,2019
Matt Chapman,156,670,583,145,70,36,3,36,1,1,73,11,0,3,382,0.570149254,2019
Shohei Ohtani,106,425,384,110,67,20,5,18,12,3,33,2,0,4,242,0.569411765,2019
David Dahl,100,413,374,113,65,28,5,15,4,4,28,4,2,5,235,0.569007264,2019
Dominic Smith,89,197,177,50,29,10,0,11,1,2,19,1,0,0,112,0.568527919,2019
Gio Urshela,132,476,442,139,84,34,0,21,1,1,25,5,0,4,270,0.567226891,2019
Ryan Braun,144,508,459,131,76,31,2,22,11,1,34,8,0,3,287,0.56496063,2019
Mitch Moreland,91,335,298,75,38,17,1,19,1,0,34,1,0,2,189,0.564179104,2019
Willie Calhoun,83,337,309,83,47,14,1,21,0,0,23,3,0,2,190,0.56379822,2019
Javier Baez,138,561,531,149,78,38,4,29,11,7,28,0,0,2,316,0.563279857,2019
DJ LeMahieu,145,655,602,197,136,33,2,26,5,2,46,2,1,4,368,0.561832061,2019
Cameron Maybin,82,269,239,68,40,17,0,11,9,6,30,0,0,0,151,0.56133829,2019
Eduardo Escobar,158,699,636,171,97,29,10,35,5,1,50,3,0,10,392,0.560801144,2019
Cavan Biggio,100,430,354,83,48,17,2,16,14,0,71,2,0,2,241,0.560465116,2019
Nick Castellanos,151,664,615,178,90,58,3,27,2,2,41,5,0,3,372,0.560240964,2019
Franmil Reyes,150,548,494,123,67,19,0,37,0,0,47,0,0,7,307,0.560218978,2019
Ozzie Albies,160,702,640,189,114,43,8,24,15,4,54,4,0,4,393,0.55982906,2019
Mike Yastrzemski,107,411,371,101,55,22,3,21,2,4,32,4,1,3,230,0.559610706,2019
Jay Bruce,98,333,310,67,24,17,0,26,1,0,19,1,0,3,186,0.558558559,2019
Shin-Soo Choo,151,660,563,149,92,31,2,24,15,1,78,18,0,1,367,0.556060606,2019
Rhys Hoskins,160,705,570,129,62,33,5,29,2,2,116,11,0,6,392,0.556028369,2019
Derek Dietrich,113,306,251,47,18,8,2,19,1,1,28,25,0,1,170,0.555555556,2019
Tommy Pham,145,654,567,155,99,33,2,21,25,4,81,5,0,1,363,0.555045872,2019
Bryan Reynolds,134,546,491,154,97,37,4,16,3,2,46,6,0,3,303,0.554945055,2019
Hunter Renfroe,140,494,440,95,42,19,1,33,5,0,46,2,0,6,274,0.55465587,2019
Aledmys Diaz,69,247,210,57,35,12,1,9,2,0,26,5,0,6,137,0.55465587,2019
Michael Brantley,148,637,575,179,115,40,2,22,3,2,51,7,0,4,352,0.552590267,2019
Reese McGuire,30,105,97,29,17,7,0,5,0,0,7,0,0,0,58,0.552380952,2019
Christian Walker,152,603,529,137,81,26,1,29,8,1,67,6,0,1,333,0.552238806,2019
Marcell Ozuna,130,549,485,117,64,23,1,29,12,2,62,1,0,1,303,0.551912568,2019
J.T. Realmuto,145,593,538,148,84,36,3,25,9,1,41,5,0,8,327,0.55143339,2019
Carson Kelly,111,365,314,77,40,19,0,18,0,0,48,2,0,1,201,0.550684932,2019
Pablo Sandoval,108,296,272,73,36,23,0,14,1,0,18,1,2,3,163,0.550675676,2019
Jonathan Villar,162,714,642,176,114,33,5,24,40,9,61,4,2,4,393,0.550420168,2019
Tim Anderson,123,518,498,167,117,32,0,18,17,5,15,3,0,2,285,0.55019305,2019
Andrew McCutchen,59,262,219,56,33,12,1,10,2,1,43,0,0,0,144,0.549618321,2019
Luke Voit,118,510,429,113,70,21,1,21,0,0,71,9,0,1,280,0.549019608,2019
Mitch Haniger,63,283,246,54,25,13,1,15,4,0,30,5,0,2,155,0.54770318,2019
Eloy Jimenez,122,504,468,125,74,18,2,31,0,0,30,4,0,2,276,0.547619048,2019
Brandon Nimmo,69,254,199,44,24,11,1,8,3,0,46,5,1,3,139,0.547244094,2019
Jose Abreu,159,693,634,180,108,38,1,33,2,2,36,13,0,10,378,0.545454545,2019
Chris Taylor,124,414,366,96,51,29,4,12,8,0,37,4,2,5,225,0.543478261,2019
Stephen Vogt,99,280,255,67,31,24,2,10,3,1,20,1,0,4,152,0.542857143,2019
Ji-Man Choi,127,487,410,107,66,20,2,19,2,3,64,6,0,7,264,0.542094456,2019
Adalberto Mondesi,102,443,415,109,70,20,10,9,43,7,19,0,3,6,240,0.541760722,2019
Paul Goldschmidt,161,682,597,155,95,25,1,34,3,1,78,2,0,3,369,0.541055718,2019
Scott Kingery,126,500,458,118,61,34,4,19,15,4,34,5,1,2,270,0.54,2019
Jorge Polanco,153,704,631,186,117,40,7,22,4,3,60,4,2,7,380,0.539772727,2019
Brian Anderson,126,520,459,120,66,33,1,20,5,1,44,14,0,3,280,0.538461538,2019
Kole Calhoun,152,632,552,128,65,29,1,33,4,1,70,7,0,2,340,0.537974684,2019
Matt Joyce,129,238,200,59,42,10,0,7,0,0,38,0,0,0,128,0.537815126,2019
Yandy Diaz,79,347,307,82,47,20,1,14,2,2,35,1,0,4,186,0.536023055,2019
Daniel Vogelbach,144,558,462,96,49,17,0,30,0,0,92,2,0,2,299,0.535842294,2019
Corey Seager,134,541,489,133,69,44,1,19,1,0,44,4,0,4,289,0.534195933,2019
Kolten Wong,148,549,478,136,96,25,4,11,24,4,47,13,6,5,293,0.533697632,2019
Alex Avila,63,201,164,34,17,8,0,9,1,0,36,1,0,0,107,0.532338308,2019
Teoscar Hernandez,125,464,417,96,49,19,2,26,6,3,45,1,0,1,247,0.532327586,2019
AJ Pollock,86,342,308,82,51,15,1,15,5,1,23,7,0,4,182,0.532163743,2019
Eric Sogard,110,442,396,115,77,23,2,13,8,0,38,2,3,3,235,0.531674208,2019
Alex Dickerson,68,190,174,48,26,13,3,6,1,1,13,2,0,1,101,0.531578947,2019
Jesse Winker,113,384,338,91,56,17,2,16,0,2,38,8,0,0,204,0.53125,2019
Robinson Chirinos,114,437,366,87,47,22,1,17,1,2,51,13,2,5,232,0.530892449,2019
Kurt Suzuki,85,309,280,74,46,11,0,17,0,1,20,6,0,3,164,0.530744337,2019
Brian Goodwin,136,458,413,108,59,29,3,17,7,3,38,3,1,3,243,0.530567686,2019
Alex Verdugo,106,377,343,101,65,22,2,12,4,1,26,2,0,6,200,0.530503979,2019
Clint Frazier,69,246,225,60,34,14,0,12,1,2,16,2,0,3,130,0.528455285,2019
Kyle Seager,106,443,393,94,51,19,1,23,2,2,44,4,0,2,234,0.528216704,2019
Eddie Rosario,137,590,562,155,94,28,1,32,3,1,22,0,0,6,311,0.527118644,2019
Yasiel Puig,149,611,555,148,92,30,2,24,19,7,44,8,0,4,322,0.52700491,2019
Jake Cave,72,228,198,51,30,11,2,8,0,0,21,8,0,1,120,0.526315789,2019
Roberto Perez,119,449,389,93,59,9,1,24,0,0,45,4,7,4,236,0.525612472,2019
Manny Machado,156,661,587,150,95,21,2,32,5,3,65,6,0,3,347,0.524962179,2019
Adam Eaton,151,656,566,158,111,25,7,15,15,3,65,13,9,3,344,0.524390244,2019
Wilmer Flores,89,285,265,84,57,18,0,9,0,0,15,4,0,1,149,0.522807018,2019
Asdrubal Cabrera,131,514,447,116,72,25,1,18,4,0,57,3,0,7,268,0.521400778,2019
Ian Desmond,140,482,443,113,58,31,4,20,3,3,34,2,1,2,251,0.520746888,2019
Omar Narvaez,132,482,428,119,85,12,0,22,0,0,47,4,0,3,251,0.520746888,2019
Nomar Mazara,116,469,429,115,68,27,1,19,4,1,28,6,0,6,244,0.520255864,2019
Christian Vazquez,138,521,482,133,83,26,1,23,4,2,33,0,3,3,271,0.520153551,2019
Victor Caratini,95,279,244,65,43,11,0,11,1,0,29,3,0,3,145,0.519713262,2019
David Bote,127,356,303,78,50,17,0,11,5,1,44,7,0,2,185,0.519662921,2019
Phil Ervin,94,260,236,64,39,11,7,7,4,3,18,4,0,2,135,0.519230769,2019
Jon Berti,73,287,256,70,49,14,1,6,17,3,24,6,0,1,149,0.519163763,2019
Paul DeJong,159,664,583,136,74,31,1,30,9,5,62,13,0,6,344,0.518072289,2019
Ryan McMahon,141,539,480,120,73,22,1,24,5,1,56,1,1,1,279,0.517625232,2019
Victor Robles,155,617,546,139,86,33,3,17,28,9,35,25,6,5,319,0.517017828,2019
Avisail Garcia,125,530,489,138,91,25,2,20,10,4,31,7,0,3,274,0.516981132,2019
Austin Nola,79,267,238,64,41,12,1,10,1,0,23,4,1,1,138,0.516853933,2019
Oscar Mercado,115,482,438,118,75,25,3,15,15,4,28,5,7,4,249,0.51659751,2019
Whit Merrifield,162,735,681,206,139,41,10,16,20,10,45,5,0,4,379,0.515646259,2019
Matt Beaty,99,268,249,66,37,19,1,9,5,0,17,2,0,0,138,0.514925373,2019
Tommy La Stella,80,321,292,86,62,8,0,16,0,0,20,3,0,0,165,0.514018692,2019
Aaron Hicks,59,255,221,52,30,10,0,12,1,2,31,0,0,3,131,0.51372549,2019
C.J. Cron,125,499,458,116,67,24,0,25,0,0,29,10,0,2,256,0.513026052,2019
David Peralta,99,423,382,105,61,29,3,12,0,0,35,5,0,1,217,0.513002364,2019
Jason Castro,79,275,237,55,33,9,0,13,0,0,33,3,1,1,141,0.512727273,2019
Renato Nunez,151,599,541,132,77,24,0,31,1,1,44,10,0,4,307,0.512520868,2019
Jason Heyward,147,589,513,129,84,20,4,21,8,3,68,5,0,3,301,0.511035654,2019
Andrew Benintendi,138,615,541,144,86,40,5,13,10,3,59,7,3,5,314,0.510569106,2019
Tyler Naquin,89,294,274,79,50,19,0,10,4,2,14,2,2,2,150,0.510204082,2019
Tyler Wade,43,108,94,23,17,3,1,2,7,0,11,1,2,0,55,0.509259259,2019
Nathaniel Lowe,50,169,152,40,25,8,0,7,0,0,13,2,0,2,86,0.50887574,2019
Domingo Santana,121,507,451,114,72,20,1,21,8,3,50,2,0,2,258,0.50887574,2019
Nick Ahmed,158,625,556,141,83,33,6,19,8,2,52,4,1,12,318,0.5088,2019
Jonathan Schoop,121,464,433,111,64,23,1,23,1,1,20,10,0,1,236,0.50862069,2019
James McCann,118,476,439,120,75,26,1,18,4,1,30,6,1,0,242,0.508403361,2019
Roman Quinn,44,122,108,23,15,3,1,4,8,0,12,1,1,0,62,0.508196721,2019
Ryon Healy,47,187,169,40,17,16,0,7,0,0,13,1,0,4,95,0.50802139,2019
Justin Smoak,121,500,414,86,48,16,0,22,0,0,79,6,0,1,254,0.508,2019
Tim Locastro,91,250,212,53,38,12,2,1,17,0,14,22,1,1,127,0.508,2019
Mike Brosseau,50,142,132,36,23,7,0,6,1,0,7,2,1,0,72,0.507042254,2019
Brian Dozier,135,482,416,99,59,20,0,20,3,4,61,4,0,1,244,0.506224066,2019
Anthony Santander,93,405,380,99,58,20,1,20,1,2,19,2,1,3,205,0.50617284,2019
Shed Long,42,168,152,40,22,12,1,5,3,3,16,0,0,0,85,0.505952381,2019
Austin Riley,80,297,274,62,32,11,1,18,0,2,16,5,0,2,150,0.505050505,2019
JaCoby Jones,88,333,298,70,37,19,3,11,7,2,27,6,1,1,168,0.504504505,2019
Ender Inciarte,65,230,199,49,31,11,2,5,7,1,26,4,0,1,116,0.504347826,2019
Josh VanMeter,95,260,228,54,32,13,1,8,9,3,29,2,0,1,131,0.503846154,2019
Dexter Fowler,150,574,487,116,72,24,1,19,8,5,74,8,1,4,289,0.503484321,2019
Tyler Austin,89,179,154,29,14,5,1,9,2,0,24,0,0,1,90,0.502793296,2019
Trent Grisham,51,183,156,36,22,6,2,6,1,0,20,4,0,3,92,0.50273224,2019
Wil Myers,155,490,435,104,63,22,1,18,16,7,51,2,1,1,246,0.502040816,2019
Evan Longoria,129,508,453,115,74,19,2,20,3,1,43,7,0,5,255,0.501968504,2019
Matt Adams,111,333,310,70,36,14,0,20,0,0,20,2,0,1,167,0.501501502,2019
Rowdy Tellez,111,409,370,84,44,19,0,21,1,1,29,7,0,3,205,0.501222494,2019
Kevin Newman,130,531,493,152,114,20,6,12,16,8,28,7,2,1,266,0.50094162,2019
Myles Straw,56,128,108,29,23,4,2,0,8,1,19,0,1,0,64,0.5,2019
Justin Upton,63,256,219,47,27,8,0,12,1,1,32,0,0,5,128,0.5,2019
Joey Votto,142,608,525,137,89,32,1,15,5,0,76,4,0,3,304,0.5,2019
Luis Arraez,92,366,326,109,84,20,1,4,2,2,36,1,0,3,183,0.5,2019
Niko Goodrum,112,472,423,105,61,27,5,12,12,3,46,1,0,2,236,0.5,2019
Rougned Odor,145,581,522,107,46,30,1,30,11,9,52,5,1,1,290,0.499139415,2019
Jackie Bradley Jr.,147,567,494,111,59,28,3,21,8,6,56,12,3,2,283,0.499118166,2019
Todd Frazier,133,499,447,112,70,19,2,21,1,2,40,12,0,0,249,0.498997996,2019
Garrett Cooper,107,421,381,107,75,16,1,15,0,0,33,5,0,2,210,0.498812352,2019
Jose Osuna,95,285,261,69,39,20,0,10,0,0,18,1,0,4,142,0.498245614,2019
Adeiny Hechavarria,84,221,203,49,27,12,1,9,3,1,14,3,0,1,110,0.497737557,2019
Michael Chavis,95,382,347,88,59,10,1,18,2,1,31,4,0,0,190,0.497382199,2019
Dansby Swanson,127,545,483,121,75,26,3,17,10,5,51,5,1,5,271,0.497247706,2019
Sean Rodriguez,76,139,112,25,16,5,0,4,1,1,19,3,4,1,69,0.496402878,2019
Matt Carpenter,129,492,416,94,57,20,2,15,6,1,63,7,1,5,244,0.495934959,2019
Randal Grichuk,151,628,586,136,71,29,5,31,2,1,35,5,0,2,311,0.49522293,2019
Austin Slater,68,192,168,40,23,9,3,5,1,0,22,2,0,0,95,0.494791667,2019
Tim Beckham,88,328,304,72,35,21,1,15,1,3,21,3,0,0,162,0.493902439,2019
Daniel Murphy,132,478,438,122,73,35,1,13,1,1,32,2,0,4,236,0.493723849,2019
Nick Markakis,116,469,414,118,82,25,2,9,2,0,47,2,0,6,231,0.492537313,2019
Jurickson Profar,139,518,459,100,54,24,2,20,9,1,48,8,0,3,255,0.492277992,2019
Brandon Belt,156,616,526,123,71,32,3,17,4,3,83,3,0,4,303,0.491883117,2019
Albert Pujols,131,545,491,120,75,22,0,23,3,0,43,3,0,8,268,0.491743119,2019
Nick Senzel,104,414,375,96,60,20,4,12,14,5,30,3,0,1,203,0.490338164,2019
Travis d'Arnaud,103,391,351,88,56,16,0,16,0,1,32,2,0,6,191,0.488491049,2019
Bryan Holaday,43,129,115,32,22,6,0,4,0,1,11,1,1,1,63,0.488372093,2019
Mike Freeman,75,213,177,49,37,8,0,4,1,2,22,4,6,4,104,0.488262911,2019
Ronald Guzman,87,295,256,56,26,20,0,10,1,2,32,3,0,4,144,0.488135593,2019
Chris Iannetta,52,164,144,32,16,10,0,6,0,0,18,1,0,1,80,0.487804878,2019
Tyler Flowers,85,310,271,62,37,11,3,11,0,0,31,6,0,2,151,0.487096774,2019
Pedro Severino,96,341,305,76,50,13,0,13,3,1,29,4,1,2,166,0.486803519,2019
Vladimir Guerrero Jr.,123,514,464,126,83,26,2,15,0,1,46,2,0,2,250,0.486381323,2019
Dustin Garneau,35,101,86,21,13,5,0,3,0,0,10,4,0,0,49,0.485148515,2019
Chance Sisco,59,198,167,35,20,7,0,8,0,1,22,9,0,0,96,0.484848485,2019
Brian McCann,85,316,277,69,48,9,0,12,0,0,31,2,0,6,153,0.484177215,2019
Brandon Dixon,117,420,391,97,58,20,4,15,5,1,21,4,0,4,203,0.483333333,2019
Curt Casali,84,236,207,52,35,9,0,8,0,0,25,1,0,3,114,0.483050847,2019
Ehire Adrianza,83,236,202,55,39,8,3,5,0,2,20,6,2,4,114,0.483050847,2019
Manuel Margot,151,441,398,93,59,19,3,12,20,4,38,2,3,0,213,0.482993197,2019
Victor Reyes,69,292,276,84,60,16,5,3,9,3,14,0,0,2,141,0.482876712,2019
Donovan Solano,81,228,215,71,53,13,1,4,0,1,10,1,0,2,110,0.48245614,2019
Matt Thaiss,53,164,147,31,16,7,0,8,0,0,17,0,0,0,79,0.481707317,2019
Jason Kipnis,121,511,458,112,71,23,1,17,7,2,40,2,5,6,246,0.481409002,2019
Jake Marisnick,120,318,292,68,39,16,3,10,10,3,17,6,3,0,153,0.481132075,2019
Matt Wieters,67,183,168,36,21,4,0,11,1,1,12,1,0,2,88,0.480874317,2019
Manny Pina,76,179,158,36,21,8,0,7,0,0,16,4,0,1,86,0.480446927,2019
Jose Martinez,128,373,334,90,65,13,2,10,3,0,35,2,0,2,179,0.479892761,2019
Ronny Rodriguez,84,294,276,61,32,12,3,14,3,1,13,0,0,5,141,0.479591837,2019
Francisco Mejia,79,244,226,60,39,11,2,8,1,1,13,4,0,1,117,0.479508197,2019
Amed Rosario,157,655,616,177,125,30,7,15,19,10,31,3,2,3,314,0.479389313,2019
Gregory Polanco,42,167,153,37,22,8,1,6,3,1,12,1,0,0,80,0.479041916,2019
Enrique Hernandez,130,460,414,98,61,19,1,17,4,0,36,6,0,4,220,0.47826087,2019
Brock Holt,87,295,259,77,58,14,2,3,1,0,28,4,0,4,141,0.477966102,2019
Harrison Bader,128,406,347,71,42,14,3,12,11,3,46,10,1,2,194,0.477832512,2019
Mauricio Dubon,30,111,106,29,20,5,0,4,3,1,5,0,0,0,53,0.477477477,2019
Didi Gregorius,82,344,324,77,45,14,2,16,2,1,17,1,0,2,164,0.476744186,2019
Cesar Puello,44,147,125,31,22,5,0,4,0,0,10,11,1,0,70,0.476190476,2019
Kevin Pillar,161,645,611,158,97,37,3,21,14,5,18,9,0,7,307,0.475968992,2019
Wilson Ramos,141,524,473,136,103,19,0,14,1,0,44,4,0,3,249,0.47519084,2019
Dwight Smith Jr.,101,392,357,86,54,16,3,13,5,1,26,4,1,4,186,0.474489796,2019
Willy Adames,152,584,531,135,89,25,1,20,4,2,46,3,3,1,277,0.474315068,2019
Garrett Hampson,105,327,299,74,53,9,4,8,15,3,24,0,2,2,155,0.474006116,2019
Elvis Andrus,147,648,600,165,122,27,4,12,31,8,34,4,0,10,307,0.473765432,2019
Ryan Zimmerman,52,190,171,44,29,9,0,6,0,0,17,0,0,2,90,0.473684211,2019
Derek Fisher,57,167,146,27,15,4,1,7,5,1,21,0,0,0,79,0.473053892,2019
Delino DeShields,118,408,357,89,66,15,4,4,24,6,38,3,8,2,193,0.473039216,2019
Robinson Cano,107,423,390,100,59,28,0,13,0,0,25,5,0,3,200,0.472813239,2019
Jean Segura,144,618,576,161,108,37,4,12,10,2,30,8,1,3,292,0.472491909,2019
Neil Walker,115,381,337,88,60,19,1,8,3,0,42,1,0,1,180,0.472440945,2019
Alex Gordon,150,633,556,148,103,31,1,13,5,3,51,19,1,6,299,0.47235387,2019
Freddy Galvis,147,589,557,145,93,28,1,23,4,2,28,1,1,2,278,0.471986418,2019
Dylan Moore,113,282,247,51,26,14,2,9,11,9,25,9,1,0,133,0.471631206,2019
Jesus Aguilar,131,369,314,74,50,12,0,12,0,0,43,2,0,7,174,0.471544715,2019
Stephen Piscotty,93,393,357,89,58,17,1,13,2,0,29,3,1,3,185,0.470737913,2019
Yan Gomes,97,358,314,70,42,16,0,12,2,0,38,5,0,1,168,0.469273743,2019
Colin Moran,149,503,466,129,85,30,1,13,0,1,30,3,0,4,236,0.469184891,2019
Jake Lamb,78,226,187,36,20,8,2,6,1,0,32,5,0,2,106,0.469026549,2019
Starlin Castro,162,676,636,172,115,31,4,22,2,2,28,3,0,9,317,0.468934911,2019
Kevin Kiermaier,129,480,447,102,61,20,7,14,19,5,26,5,1,1,225,0.46875,2019
Adam Frazier,152,608,554,154,104,33,7,10,5,5,40,9,4,1,285,0.46875,2019
Tim Lopes,41,128,111,30,22,7,0,1,6,3,15,1,0,1,60,0.46875,2019
Jordy Mercer,74,271,256,69,44,16,0,9,0,0,13,2,0,0,127,0.468634686,2019
Cesar Hernandez,161,667,612,171,123,31,3,14,9,2,45,6,0,4,312,0.467766117,2019
Billy McKinney,84,276,251,54,27,14,1,12,0,2,19,2,2,2,129,0.467391304,2019
Kyle Farmer,97,197,183,42,27,6,0,9,4,1,10,3,0,1,92,0.467005076,2019
Jorge Alfaro,130,465,431,113,80,14,1,18,4,4,22,10,0,2,217,0.466666667,2019
Austin Romine,72,240,228,64,44,12,0,8,1,1,10,0,1,1,112,0.466666667,2019
Mallex Smith,134,566,510,116,82,19,9,6,46,9,42,11,2,1,264,0.466431095,2019
Welington Castillo,72,251,230,48,24,12,0,12,0,0,16,3,0,2,117,0.466135458,2019
Charlie Culberson,108,144,135,35,23,5,2,5,0,1,6,1,1,1,67,0.465277778,2019
Addison Russell,82,241,215,51,37,4,1,9,2,0,20,3,1,2,112,0.46473029,2019
Marwin Gonzalez,114,463,425,112,78,19,0,15,1,0,31,6,0,1,215,0.464362851,2019
Tucker Barnhart,114,364,316,73,48,14,0,11,1,0,44,2,1,1,169,0.464285714,2019
Adam Haseley,67,242,222,59,40,14,0,5,4,0,14,5,1,0,112,0.462809917,2019
Maikel Franco,123,428,389,91,57,17,0,17,0,0,36,0,0,3,198,0.462616822,2019
Adam Jones,137,528,485,126,84,25,1,16,2,1,31,8,0,3,244,0.462121212,2019
Josh Reddick,141,550,501,138,102,19,3,14,5,2,36,0,1,9,254,0.461818182,2019
Gerardo Parra,119,301,274,64,40,14,1,9,8,3,19,5,1,2,139,0.46179402,2019
Eric Hosmer,160,667,619,164,111,29,2,22,0,3,40,3,0,5,308,0.461769115,2019
Kevan Smith,67,211,191,48,31,12,0,5,2,0,16,3,0,1,97,0.45971564,2019
Chad Pinder,124,370,341,82,48,21,0,13,0,1,20,5,1,3,170,0.459459459,2019
Miguel Cabrera,136,549,493,139,106,21,0,12,0,0,48,3,0,5,252,0.459016393,2019
Josh Naylor,94,279,253,63,40,15,0,8,1,1,25,0,0,1,128,0.458781362,2019
J.P. Crawford,93,396,345,78,46,21,4,7,5,3,43,2,3,3,181,0.457070707,2019
Tyler O'Neill,60,151,141,37,26,6,0,5,1,0,10,0,0,0,69,0.456953642,2019
Raimel Tapia,138,447,426,117,80,23,5,9,9,3,21,0,0,0,204,0.456375839,2019
Josh Phegley,106,342,314,75,45,18,0,12,0,1,15,6,2,5,156,0.456140351,2019
Jarrod Dyson,130,452,400,92,72,11,2,7,30,4,47,2,1,2,206,0.455752212,2019
Yadier Molina,113,452,419,113,79,24,0,10,6,0,23,5,0,5,206,0.455752212,2019
Tony Kemp,110,279,245,52,31,9,4,8,4,4,23,6,1,4,127,0.455197133,2019
Christin Stewart,104,416,369,86,50,25,1,10,0,1,34,7,0,6,189,0.454326923,2019
Greg Garcia,134,372,311,77,56,13,4,4,0,2,53,5,1,2,169,0.454301075,2019
Ben Gamel,134,356,311,77,52,18,0,7,2,2,40,3,0,2,161,0.452247191,2019
Hanser Alberto,139,550,524,160,125,21,2,12,4,4,16,4,3,3,247,0.449090909,2019
Harold Ramirez,119,446,421,116,82,20,3,11,2,1,18,5,0,1,200,0.448430493,2019
Lorenzo Cain,148,623,562,146,105,30,0,11,18,8,50,6,0,4,279,0.447833066,2019
Jake Bauers,117,423,372,84,55,16,1,12,3,3,45,3,0,3,189,0.446808511,2019
Khris Davis,133,533,481,106,72,11,0,23,0,0,47,3,0,2,238,0.446529081,2019
Martin Maldonado,105,374,333,71,40,19,0,12,0,0,32,6,2,1,167,0.446524064,2019
Sam Travis,59,157,144,31,20,4,1,6,2,0,11,1,0,1,70,0.445859873,2019
David Fletcher,154,653,596,173,133,30,4,6,8,3,55,0,1,1,291,0.445635528,2019
Ildemaro Vargas,92,211,201,54,38,9,1,6,1,0,9,0,0,1,94,0.44549763,2019
Logan Forsythe,101,367,317,72,47,17,1,7,2,0,44,3,0,2,163,0.444141689,2019
DJ Stewart,44,142,126,30,20,6,0,4,1,2,14,1,0,1,63,0.443661972,2019
Ty France,69,201,184,43,27,8,1,7,0,2,9,7,0,1,89,0.44278607,2019
Robbie Grossman,138,482,420,101,71,21,3,6,9,4,59,1,0,2,213,0.441908714,2019
Dee Strange-Gordon,117,421,393,108,87,12,6,3,22,5,18,1,3,6,186,0.441805226,2019
Russell Martin,83,249,209,46,35,5,0,6,1,0,30,8,0,2,110,0.441767068,2019
Ryan Cordell,97,247,217,48,33,8,0,7,3,1,19,3,6,2,109,0.441295547,2019
Zack Collins,27,102,86,16,9,3,1,3,0,0,14,1,0,0,45,0.441176471,2019
Joey Rickard,68,189,168,38,24,9,2,3,4,2,18,3,0,0,83,0.439153439,2019
Mark Reynolds,78,162,135,23,12,7,0,4,2,0,22,2,0,3,71,0.438271605,2019
Rio Ruiz,127,413,370,86,59,13,2,12,0,1,40,0,1,2,181,0.438256659,2019
Jacob Stallings,71,210,191,50,39,5,0,6,0,0,16,2,1,0,92,0.438095238,2019
Ryan O'Hearn,105,370,328,64,36,13,1,14,0,1,39,1,0,2,162,0.437837838,2019
Jung Ho Kang,65,185,172,29,11,7,1,10,0,0,11,1,0,1,81,0.437837838,2019
Stevie Wilkerson,117,361,329,74,44,18,2,10,3,3,22,7,1,2,158,0.43767313,2019
Miguel Rojas,132,526,483,137,102,29,1,5,9,5,32,5,1,5,230,0.437262357,2019
Guillermo Heredia,89,231,204,46,28,13,0,5,2,2,18,6,2,1,101,0.437229437,2019
Jose Iglesias,146,530,504,145,110,21,3,11,6,6,20,3,1,2,231,0.435849057,2019
Adam Engel,89,248,227,55,37,10,2,6,3,3,14,6,1,0,108,0.435483871,2019
Justin Bour,52,170,151,26,13,5,0,8,0,0,17,1,0,1,74,0.435294118,2019
Leury Garcia,140,618,577,161,123,27,3,8,15,5,21,6,11,3,269,0.435275081,2019
Austin Barnes,75,242,212,43,25,12,1,5,3,0,23,5,0,2,105,0.433884298,2019
Greg Allen,89,256,231,53,37,9,3,4,8,2,11,9,4,1,111,0.43359375,2019
Luis Rengifo,108,406,357,85,57,18,3,7,2,5,40,5,1,3,176,0.433497537,2019
Melky Cabrera,133,397,378,106,76,22,1,7,2,0,17,1,1,0,172,0.43324937,2019
Cory Spangenberg,32,102,95,22,16,2,2,2,3,0,6,0,1,0,44,0.431372549,2019
Francisco Cervelli,48,160,141,30,18,8,1,3,1,0,13,5,1,0,69,0.43125,2019
Hernan Perez,91,246,232,53,34,11,0,8,5,1,11,0,2,1,106,0.430894309,2019
Jeimer Candelario,94,386,335,68,41,17,2,8,3,1,43,7,0,1,166,0.430051813,2019
Curtis Granderson,138,363,317,58,28,17,1,12,0,3,41,3,0,2,156,0.429752066,2019
Cam Gallagher,45,142,126,30,20,7,0,3,0,1,11,3,1,1,61,0.429577465,2019
Austin Dean,64,189,178,40,20,14,0,6,0,2,9,0,1,1,81,0.428571429,2019
Johan Camargo,98,248,232,54,34,12,1,7,1,0,15,0,1,0,106,0.427419355,2019
Yonder Alonso,121,335,292,58,35,13,0,10,0,1,39,2,0,2,143,0.426865672,2019
Andrew Knapp,74,160,136,29,18,9,0,2,0,0,18,3,3,0,68,0.425,2019
Gordon Beckham,83,240,223,48,27,13,2,6,3,1,13,4,0,0,102,0.425,2019
Buster Posey,114,445,405,104,73,24,0,7,0,0,34,4,1,1,189,0.424719101,2019
Albert Almora,130,363,339,80,56,11,1,12,2,1,16,1,5,2,154,0.424242424,2019
Jonathan Lucroy,101,328,293,68,49,10,1,8,0,0,27,5,0,3,139,0.423780488,2019
Andrelton Simmons,103,424,398,105,79,19,0,7,10,2,24,2,0,0,179,0.422169811,2019
Joey Wendle,75,263,238,55,37,13,2,3,8,3,14,8,0,3,111,0.422053232,2019
Nick Martini,32,109,93,21,15,4,1,1,0,0,14,1,0,1,46,0.422018349,2019
Willians Astudillo,58,204,190,51,38,9,0,4,0,0,5,5,0,4,86,0.421568627,2019
Brandon Crawford,147,560,500,114,77,24,2,11,3,2,53,3,0,4,236,0.421428571,2019
Cheslor Cuthbert,87,330,309,76,53,14,0,9,1,0,19,2,0,0,139,0.421212121,2019
Rosell Herrera,63,119,105,21,13,6,0,2,4,1,11,2,1,0,50,0.420168067,2019
Travis Demeritte,48,186,169,38,26,7,2,3,3,0,14,1,1,1,78,0.419354839,2019
Danny Jansen,107,384,347,72,46,12,1,13,0,1,31,4,1,1,161,0.419270833,2019
Brandon Drury,120,447,418,91,54,21,1,15,0,1,25,1,0,3,187,0.418344519,2019
Orlando Arcia,152,546,494,110,78,16,1,15,8,5,43,1,2,6,228,0.417582418,2019
Ryan Goins,52,163,144,36,27,6,1,2,0,1,17,1,1,0,68,0.417177914,2019
Ben Zobrist,47,176,150,39,33,5,0,1,0,0,23,1,0,2,73,0.414772727,2019
Harold Castro,97,369,354,103,84,10,4,5,4,2,9,0,2,4,153,0.414634146,2019
Yairo Munoz,88,181,172,46,36,7,1,2,8,3,7,1,0,1,75,0.414364641,2019
Luis Urias,71,249,215,48,35,8,1,4,0,1,25,9,0,0,103,0.413654618,2019
Dawel Lugo,77,288,273,67,46,11,4,6,0,0,8,3,0,4,119,0.413194444,2019
Ian Kinsler,87,281,258,56,35,12,0,9,2,4,19,3,0,1,116,0.412811388,2019
Jose Trevino,40,126,120,31,20,9,0,2,0,0,3,0,1,2,52,0.412698413,2019
Chris Davis,105,352,307,55,34,9,0,12,0,0,39,3,0,3,145,0.411931818,2019
Joe Panik,142,491,438,107,79,21,2,5,4,2,43,4,2,4,202,0.411405295,2019
Tony Wolters,121,411,359,94,74,17,2,1,0,1,36,8,2,6,169,0.411192214,2019
Leonys Martin,65,264,236,47,31,7,0,9,4,5,21,4,3,0,108,0.409090909,2019
Cole Tucker,56,159,147,31,16,10,3,2,0,0,10,1,1,0,65,0.408805031,2019
Matt Duffy,46,169,147,37,28,8,0,1,0,1,19,2,0,1,69,0.408284024,2019
Richie Martin,120,309,283,59,42,8,3,6,10,1,14,6,5,1,126,0.40776699,2019
Josh Rojas,41,157,138,30,21,7,0,2,4,2,18,1,0,0,64,0.407643312,2019
Jace Peterson,29,108,100,22,16,3,1,2,4,1,6,1,0,1,44,0.407407407,2019
John Hicks,95,333,319,67,39,15,0,13,1,1,13,0,0,1,135,0.405405405,2019
Lucas Duda,39,119,105,18,10,4,0,4,0,0,11,1,0,2,48,0.403361345,2019
Odubel Herrera,39,139,126,28,16,10,1,1,2,2,11,1,0,1,56,0.402877698,2019
JT Riddle,51,139,132,25,13,6,0,6,0,0,5,2,0,0,56,0.402877698,2019
Tyler White,83,279,240,50,33,14,0,3,0,0,36,0,0,3,112,0.401433692,2019
Juan Lagares,133,285,258,55,37,12,1,5,4,1,22,2,2,1,114,0.4,2019
Erik Gonzalez,53,156,142,36,30,4,1,1,4,1,9,1,3,1,62,0.397435897,2019
Billy Hamilton,119,353,316,69,53,14,2,0,22,6,32,0,3,2,140,0.396600567,2019
Kevin Plawecki,59,174,158,35,22,10,0,3,0,1,12,3,0,1,69,0.396551724,2019
Isiah Kiner-Falefa,65,222,202,48,34,12,1,1,3,0,14,4,1,1,88,0.396396396,2019
Yolmer Sanchez,149,555,496,125,99,20,4,2,5,4,44,5,7,3,219,0.394594595,2019
Jose Peraza,141,403,376,90,64,18,2,6,7,6,17,8,0,2,158,0.392059553,2019
Willi Castro,30,110,100,23,15,6,1,1,0,1,6,2,1,1,43,0.390909091,2019
Daniel Robertson,74,237,207,44,32,9,1,2,2,2,24,6,0,0,91,0.383966245,2019
Austin Hedges,102,347,312,55,35,9,0,11,1,0,27,5,2,1,133,0.383285303,2019
Pablo Reyes,71,157,143,29,18,7,2,2,1,1,13,1,0,0,60,0.382165605,2019
Jon Jay,47,182,165,44,36,8,0,0,0,0,8,3,5,1,69,0.379120879,2019
Travis Shaw,86,270,230,36,24,5,0,7,0,0,36,4,0,0,102,0.377777778,2019
Steven Duggar,73,281,261,61,43,12,2,4,1,4,16,1,0,3,106,0.377224199,2019
Charlie Tilson,54,157,144,33,27,5,0,1,4,0,10,3,0,0,58,0.369426752,2019
Keon Broxton,100,228,204,34,24,4,0,6,10,6,20,1,1,2,84,0.368421053,2019
Isan Diaz,49,201,179,31,19,5,2,5,0,3,19,2,0,1,74,0.368159204,2019
Kendrys Morales,53,201,170,33,28,2,1,2,0,0,26,4,0,1,74,0.368159204,2019
Wilmer Difo,43,144,131,33,29,2,0,2,0,1,12,0,1,0,53,0.368055556,2019
Elias Diaz,101,332,303,73,57,14,0,2,0,0,23,2,1,3,122,0.36746988,2019
Mike Zunino,90,289,266,44,24,10,1,9,0,0,20,3,0,0,106,0.366782007,2019
Sandy Leon,65,191,172,33,25,3,0,5,0,0,13,1,4,1,70,0.366492147,2019
Bubba Starling,56,197,186,40,29,7,0,4,2,0,9,1,1,0,72,0.365482234,2019
Nicky Lopez,103,402,379,91,65,22,2,2,1,1,18,1,4,0,146,0.36318408,2019
Marco Hernandez,61,155,148,37,28,7,0,2,1,2,3,3,1,0,56,0.361290323,2019
Grayson Greiner,58,224,208,42,31,5,1,5,0,0,13,1,1,1,80,0.357142857,2019
Eduardo Nunez,60,174,167,38,29,7,0,2,5,1,4,0,1,2,62,0.356321839,2019
Carlos Gonzalez,45,166,145,29,23,3,0,3,0,3,18,1,0,2,59,0.355421687,2019
Tomas Nido,50,144,136,26,17,5,0,4,0,0,7,0,1,0,51,0.354166667,2019
Scooter Gennett,42,139,133,30,21,7,0,2,0,0,2,2,0,2,49,0.352517986,2019
Jake Rogers,35,128,112,14,7,3,0,4,0,0,13,1,2,0,45,0.3515625,2019
Meibrys Viloria,42,148,133,28,20,7,0,1,0,1,10,0,1,4,52,0.351351351,2019
Daniel Descalso,82,194,168,29,21,5,1,2,2,1,23,0,1,1,68,0.350515464,2019
Mac Williamson,40,144,128,20,15,1,0,4,2,1,14,2,0,0,50,0.347222222,2019
Jose Rondon,56,157,143,28,22,3,0,3,0,0,11,2,1,0,54,0.343949045,2019
Jedd Gyorko,62,101,92,16,13,1,0,2,2,0,9,0,0,0,34,0.336633663,2019
Martin Prado,104,260,245,57,46,9,0,2,0,0,12,0,0,3,87,0.334615385,2019
Josh Harrison,36,147,137,24,15,7,1,1,4,2,6,2,0,2,48,0.326530612,2019
Chris Owings,66,196,180,25,15,6,1,3,5,2,14,2,0,0,61,0.31122449,2019
Yonathan Daza,44,105,97,20,18,1,1,0,1,0,7,0,0,1,32,0.304761905,2019
Humberto Arteaga,41,135,122,24,20,4,0,0,1,1,8,2,3,0,41,0.303703704,2019
Luke Maile,44,129,119,18,13,2,1,2,1,0,8,0,2,0,39,0.302325581,2019
Lewis Brinson,75,248,226,39,29,9,1,0,1,1,13,6,2,1,72,0.290322581,2019
Nick Williams,67,112,106,16,10,4,0,2,0,0,4,2,0,0,32,0.285714286,2019
Jeff Mathis,86,244,228,36,25,9,0,2,1,0,15,0,0,1,68,0.278688525,2019
Max Stassi,51,147,132,18,16,1,0,1,0,0,12,1,0,2,37,0.25170068,2019
Zack Cozart,38,107,97,12,10,2,0,0,0,0,5,2,0,3,24,0.224299065,2019
Mike Trout,140,608,471,147,80,24,4,39,24,2,122,10,0,4,454,0.746710526,2018
Mookie Betts,136,614,520,180,96,47,5,32,30,6,81,8,0,5,451,0.734527687,2018
Luke Voit,47,161,143,46,26,5,0,15,0,0,17,1,0,0,114,0.708074534,2018
J.D. Martinez,150,649,569,188,106,37,2,43,6,1,69,4,0,7,443,0.682588598,2018
Christian Yelich,147,651,574,187,110,34,7,36,22,4,68,7,0,2,438,0.67281106,2018
Jose Ramirez,157,698,578,156,75,38,4,39,34,6,106,8,0,6,467,0.669054441,2018
Max Muncy,137,481,395,104,50,17,2,35,3,0,79,5,0,2,319,0.663201663,2018
Ryan O'Hearn,44,170,149,39,15,10,2,12,0,0,20,1,0,0,110,0.647058824,2018
Trevor Story,157,656,598,174,89,42,6,37,27,6,47,7,0,4,418,0.637195122,2018
Shohei Ohtani,104,367,326,93,48,21,2,22,10,4,37,2,0,1,230,0.626702997,2018
Ronald Acuna Jr.,111,487,433,127,71,26,4,26,16,5,45,6,0,3,304,0.624229979,2018
Bryce Harper,159,695,550,137,69,34,0,34,13,3,130,6,0,9,428,0.615827338,2018
Nolan Arenado,156,673,590,175,97,38,2,38,2,2,73,3,1,6,414,0.615156018,2018
Aaron Judge,112,498,413,115,66,22,0,27,6,3,76,4,0,5,306,0.614457831,2018
Alex Bregman,157,705,594,170,87,51,1,31,10,4,96,12,0,3,433,0.614184397,2018
Adalberto Mondesi,75,291,275,76,46,13,3,14,32,7,11,1,3,1,178,0.611683849,2018
Matt Carpenter,156,677,564,145,67,42,0,36,4,1,102,6,0,4,410,0.605612999,2018
Manny Machado,162,709,632,188,113,35,3,37,14,2,70,2,0,5,429,0.605077574,2018
Khris Davis,151,654,576,142,65,28,1,48,0,0,59,12,0,7,394,0.602446483,2018
Paul Goldschmidt,158,690,593,172,99,35,5,33,7,4,90,6,0,0,415,0.601449275,2018
Juan Soto,116,494,414,121,73,25,1,22,5,2,79,0,1,0,297,0.601214575,2018
Javier Baez,160,645,606,176,93,40,9,34,21,9,29,5,1,4,387,0.6,2018
Jesus Aguilar,149,566,492,135,75,25,0,35,0,0,58,6,0,10,339,0.598939929,2018
Francisco Lindor,158,745,661,183,101,42,2,38,25,10,70,8,3,3,442,0.593288591,2018
Anthony Rendon,136,597,529,163,93,44,2,24,2,1,55,5,0,8,352,0.58961474,2018
Justin Turner,103,426,365,114,68,31,1,14,2,1,47,12,0,2,251,0.589201878,2018
Xander Bogaerts,136,580,513,148,77,45,3,23,8,2,55,6,0,6,341,0.587931034,2018
Eugenio Suarez,143,606,527,149,91,22,2,34,1,1,64,9,0,6,356,0.587458746,2018
Brandon Nimmo,140,535,433,114,61,28,8,17,9,6,80,22,0,0,314,0.586915888,2018
Ji-Man Choi,61,221,190,50,25,14,1,10,2,0,26,3,0,2,129,0.583710407,2018
Tyler White,66,237,210,58,31,12,3,12,0,1,24,2,0,1,138,0.582278481,2018
Steve Pearce,76,251,215,61,35,14,1,11,0,0,29,5,0,2,146,0.581673307,2018
Gregory Polanco,130,535,461,117,56,32,6,23,12,2,61,3,0,7,311,0.581308411,2018
David Dahl,77,271,249,68,38,11,3,16,5,3,19,1,0,2,157,0.579335793,2018
Giancarlo Stanton,158,705,617,164,91,34,1,38,5,0,70,8,0,10,407,0.577304965,2018
Freddie Freeman,162,707,618,191,120,44,4,23,10,3,76,7,0,6,408,0.57708628,2018
Rhys Hoskins,153,660,558,137,65,38,0,34,5,3,87,9,0,5,380,0.575757576,2018
Aaron Hicks,137,581,480,119,71,18,3,27,11,2,90,3,2,6,334,0.574870912,2018
Nelson Cruz,144,591,519,133,77,18,1,37,1,0,55,14,0,3,337,0.570219966,2018
Ramon Laureano,48,176,156,45,27,12,1,5,7,1,16,2,0,2,100,0.568181818,2018
Yoenis Cespedes,38,157,141,37,22,6,0,9,3,0,13,1,0,2,89,0.566878981,2018
Mitch Haniger,157,683,596,170,102,38,4,26,8,2,70,10,0,7,387,0.566617862,2018
David Peralta,146,614,560,164,104,25,5,30,4,0,48,4,0,2,347,0.56514658,2018
Joc Pederson,148,443,395,98,43,27,3,25,1,5,40,4,1,3,250,0.564334086,2018
Travis Shaw,152,587,498,120,65,23,0,32,5,2,78,4,1,6,331,0.563884157,2018
Joey Gallo,148,577,500,103,38,24,1,40,3,4,74,3,0,0,325,0.563258232,2018
Charlie Blackmon,156,696,626,182,115,31,7,29,12,4,59,8,1,2,392,0.563218391,2018
Matt Chapman,145,616,547,152,80,42,6,24,1,2,58,9,0,2,346,0.561688312,2018
Eric Thames,96,278,247,54,25,10,3,16,7,0,29,2,0,0,156,0.561151079,2018
AJ Pollock,113,460,413,106,59,21,5,21,13,2,31,8,1,7,258,0.560869565,2018
Yasiel Puig,125,444,405,108,63,21,1,23,15,5,36,1,0,2,249,0.560810811,2018
Didi Gregorius,134,569,504,135,80,23,5,27,10,6,48,7,1,9,318,0.55887522,2018
Andrew Benintendi,148,661,579,168,105,41,6,16,21,3,71,2,2,7,369,0.558245083,2018
Tyler O'Neill,61,142,130,33,19,5,0,9,2,0,7,3,0,2,79,0.556338028,2018
Kyle Schwarber,137,510,428,102,59,14,3,26,4,3,78,1,1,2,283,0.554901961,2018
Miguel Andujar,149,606,573,170,94,47,2,27,2,1,25,4,0,4,336,0.554455446,2018
Cody Bellinger,162,632,557,145,85,28,7,25,14,1,69,3,0,3,350,0.553797468,2018
Anthony Rizzo,153,665,566,160,105,29,1,25,6,4,70,20,0,9,367,0.551879699,2018
Edwin Encarnacion,137,579,500,123,74,16,1,32,3,0,63,8,0,7,318,0.549222798,2018
Tommy Pham,137,570,494,136,91,18,6,21,15,7,67,6,0,3,313,0.549122807,2018
Hunter Renfroe,117,441,403,100,50,23,1,26,2,1,30,3,0,5,242,0.548752834,2018
Yasmani Grandal,140,518,440,106,57,23,2,24,2,1,72,3,0,3,284,0.548262548,2018
Whit Merrifield,158,707,632,192,134,43,3,12,45,10,61,6,2,6,387,0.54738331,2018
Enrique Hernandez,145,462,402,103,62,17,3,21,3,0,50,1,4,5,252,0.545454545,2018
Randal Grichuk,124,462,424,104,46,32,1,25,3,2,27,8,0,3,252,0.545454545,2018
Gleyber Torres,123,484,431,117,76,16,1,24,6,2,42,5,1,5,264,0.545454545,2018
Jorge Soler,61,257,223,59,32,18,0,9,3,1,28,4,0,2,140,0.544747082,2018
C.J. Cron,140,560,501,127,68,28,1,30,1,2,37,17,0,5,305,0.544642857,2018
Jeff McNeil,63,248,225,74,54,11,6,3,7,1,14,5,4,0,135,0.544354839,2018
Nick Castellanos,157,678,620,185,111,46,5,23,2,1,49,6,0,3,369,0.544247788,2018
Stephen Piscotty,151,605,546,146,78,41,0,27,2,0,42,12,0,5,329,0.543801653,2018
Justin Upton,145,613,533,137,88,18,1,30,8,2,64,10,0,6,333,0.543230016,2018
Ryan Zimmerman,85,323,288,76,40,21,2,13,1,1,30,3,0,2,175,0.541795666,2018
Mark Reynolds,86,235,206,51,30,8,0,13,0,0,24,2,0,3,127,0.540425532,2018
Franmil Reyes,87,285,261,73,48,9,0,16,0,0,24,0,0,0,154,0.540350877,2018
Eduardo Escobar,151,631,566,154,80,48,3,23,2,4,52,5,0,8,340,0.538827258,2018
Josh Donaldson,52,219,187,46,24,14,0,8,2,0,31,0,0,1,118,0.538812785,2018
Jurickson Profar,146,594,524,133,72,35,6,20,10,0,54,12,0,4,320,0.538720539,2018
Justin Smoak,147,594,505,122,63,34,0,25,0,1,83,3,0,3,319,0.537037037,2018
Kris Bryant,102,457,389,106,62,28,3,13,2,4,48,17,0,3,245,0.536105033,2018
Scooter Gennett,154,638,584,181,125,30,3,23,4,2,42,4,3,5,342,0.536050157,2018
J.T. Realmuto,125,531,477,132,78,30,3,21,3,2,38,10,0,4,284,0.534839925,2018
Joey Votto,145,623,503,143,101,28,2,12,2,0,108,9,0,3,333,0.534510433,2018
Starling Marte,145,606,559,155,98,32,5,20,33,14,35,8,1,3,323,0.5330033,2018
Jose Altuve,137,599,534,169,125,29,2,13,17,4,55,6,3,1,319,0.532554257,2018
Michael Brantley,143,631,570,176,121,36,2,17,12,3,48,5,1,6,336,0.532488114,2018
Shin-Soo Choo,146,665,560,148,96,30,1,21,6,1,92,10,1,2,353,0.530827068,2018
Lorenzo Cain,141,620,539,166,129,25,2,10,30,7,71,8,0,2,329,0.530645161,2018
Wil Myers,83,343,312,79,42,25,1,11,13,1,30,0,0,1,182,0.530612245,2018
Francisco Cervelli,104,404,332,86,56,15,3,12,2,3,51,15,2,4,214,0.52970297,2018
Daniel Descalso,138,423,349,83,44,22,4,13,0,1,64,2,0,7,224,0.529550827,2018
Wilson Ramos,111,416,382,117,79,22,1,15,0,0,32,0,0,2,220,0.528846154,2018
Robinson Cano,80,348,310,94,62,22,0,10,0,0,32,4,0,2,184,0.528735632,2018
Miguel Cabrera,38,157,134,40,26,11,0,3,0,0,22,0,0,1,83,0.52866242,2018
Michael Conforto,153,638,543,132,78,25,1,28,3,4,84,7,0,4,337,0.528213166,2018
Jose Abreu,128,553,499,132,73,36,1,22,2,0,37,11,0,6,292,0.528028933,2018
Mallex Smith,141,544,480,142,103,27,10,2,40,12,47,8,7,2,287,0.527573529,2018
Brandon Lowe,43,148,129,30,16,6,2,6,2,1,16,2,0,1,78,0.527027027,2018
Andrew McCutchen,155,682,569,145,92,30,3,20,14,9,95,11,0,7,359,0.526392962,2018
Ryan Braun,125,447,405,103,57,25,1,20,11,5,34,2,0,3,235,0.525727069,2018
Matt Kemp,146,506,462,134,88,25,0,21,0,0,36,1,0,7,266,0.5256917,2018
David Freese,113,312,280,83,58,12,2,11,0,0,24,5,0,3,164,0.525641026,2018
Matt Adams,121,337,306,73,42,10,0,21,0,0,27,4,0,0,177,0.525222552,2018
Daniel Palka,124,449,417,100,55,15,3,27,2,1,30,2,0,0,235,0.523385301,2018
Billy McKinney,38,132,119,30,17,7,0,6,1,0,11,1,0,1,69,0.522727273,2018
Tyler Austin,69,268,244,56,29,10,0,17,1,2,19,2,0,3,140,0.52238806,2018
Trea Turner,162,740,664,180,128,27,6,19,43,9,69,5,2,0,386,0.521621622,2018
Matt Olson,162,660,580,143,81,33,0,29,2,1,70,8,0,2,344,0.521212121,2018
Jake Cave,91,309,283,75,44,16,2,13,2,1,18,3,2,3,161,0.521035599,2018
Jesse Winker,89,334,281,84,61,16,0,7,0,0,49,2,1,1,174,0.520958084,2018
Johan Camargo,134,524,464,126,79,27,1,19,1,1,51,6,0,3,272,0.519083969,2018
Curtis Granderson,123,403,343,83,46,22,2,13,2,1,54,4,1,1,209,0.518610422,2018
Eddie Rosario,138,592,559,161,104,31,2,24,8,2,30,0,1,2,307,0.518581081,2018
Carlos Santana,161,679,560,128,74,28,2,24,2,1,110,1,0,8,352,0.518409426,2018
Austin Meadows,59,191,178,51,34,9,2,6,5,1,10,1,0,2,99,0.518324607,2018
Joey Wendle,139,545,487,146,100,33,6,7,16,4,37,9,2,10,282,0.517431193,2018
Mike Moustakas,152,635,573,144,82,33,1,28,4,1,49,7,0,6,328,0.516535433,2018
Teoscar Hernandez,134,523,476,114,56,29,7,22,5,5,41,3,0,3,270,0.51625239,2018
Jed Lowrie,157,680,596,159,98,37,1,23,0,0,78,3,0,3,351,0.516176471,2018
Carlos Gonzalez,132,504,463,128,76,32,4,16,5,2,37,1,0,3,260,0.515873016,2018
Charlie Culberson,113,322,296,80,48,18,2,12,4,2,21,4,0,1,166,0.51552795,2018
Harrison Bader,138,427,379,100,66,20,2,12,15,3,31,11,2,4,220,0.515222482,2018
Daniel Robertson,87,340,282,74,49,16,0,9,2,2,43,13,0,2,175,0.514705882,2018
Robinson Chirinos,113,426,360,80,46,15,1,18,2,0,45,19,0,2,219,0.514084507,2018
Jose Rondon,42,107,100,23,11,6,0,6,2,1,7,0,0,0,55,0.514018692,2018
Adam Eaton,95,370,319,96,72,18,1,5,9,1,38,11,2,0,190,0.513513514,2018
Franchy Cordero,40,154,139,33,20,5,1,7,5,2,14,0,1,0,79,0.512987013,2018
Ian Happ,142,462,387,90,54,19,2,15,8,4,70,3,0,2,237,0.512987013,2018
Corey Dickerson,135,533,504,151,96,35,7,13,8,3,21,4,0,4,273,0.512195122,2018
Chris Taylor,155,604,536,136,76,35,8,17,9,6,55,9,0,4,309,0.511589404,2018
Scott Schebler,107,430,380,97,61,19,0,17,4,2,39,9,0,2,219,0.509302326,2018
Mark Canha,122,411,365,91,52,22,0,17,1,2,34,10,0,2,209,0.508515815,2018
Evan Gattis,128,451,407,92,50,17,0,25,1,0,33,3,0,8,229,0.507760532,2018
Ben Zobrist,139,520,455,139,99,28,3,9,3,4,55,2,1,7,264,0.507692308,2018
Mitch Moreland,124,459,404,99,57,23,4,15,2,0,50,0,0,5,232,0.505446623,2018
Maikel Franco,131,465,433,117,77,17,1,22,1,0,29,0,0,3,235,0.505376344,2018
Kendrys Morales,130,471,413,103,67,15,0,21,2,3,50,3,0,5,238,0.505307856,2018
Christian Villanueva,110,384,351,83,48,15,0,20,3,0,23,9,0,1,194,0.505208333,2018
Nick Markakis,162,705,623,185,126,43,2,14,1,1,72,1,0,9,356,0.504964539,2018
Ozzie Albies,158,684,639,167,98,40,5,24,14,3,36,5,1,3,345,0.504385965,2018
Niko Goodrum,131,492,444,109,61,29,3,16,12,4,42,4,0,2,248,0.504065041,2018
Ian Desmond,160,619,555,131,80,21,8,22,20,6,53,6,1,4,312,0.504038772,2018
Roman Quinn,50,143,131,34,22,6,4,2,10,4,10,1,1,0,72,0.503496503,2018
Ketel Marte,153,580,520,135,83,26,12,14,6,1,54,3,1,2,292,0.503448276,2018
Jose Martinez,152,590,534,163,116,30,0,17,0,3,49,2,2,3,297,0.503389831,2018
Denard Span,137,501,437,114,74,22,7,11,9,4,51,6,0,7,252,0.502994012,2018
Adam Frazier,113,352,318,88,53,23,2,10,1,3,29,3,1,1,177,0.502840909,2018
Nick Martini,55,179,152,45,32,9,3,1,0,0,21,5,0,1,90,0.502793296,2018
Kurt Suzuki,105,388,347,94,58,24,0,12,0,0,22,13,0,6,195,0.50257732,2018
Justin Bour,141,501,423,96,62,13,1,20,2,0,73,2,0,3,251,0.500998004,2018
Jonathan Villar,141,515,466,121,92,14,1,14,35,5,41,5,1,2,258,0.500970874,2018
Jackie Bradley Jr.,144,535,474,111,61,33,4,13,17,1,46,11,0,4,268,0.500934579,2018
Asdrubal Cabrera,147,592,546,143,83,36,1,23,0,0,41,3,0,2,296,0.5,2018
George Springer,140,620,544,144,96,26,0,22,6,4,64,5,0,3,310,0.5,2018
Howie Kendrick,40,160,152,46,28,14,0,4,1,1,5,2,0,1,80,0.5,2018
Daniel Murphy,91,351,328,98,71,15,0,12,3,0,20,0,0,3,175,0.498575499,2018
Elias Diaz,82,277,252,72,50,12,0,10,0,1,21,1,0,3,138,0.498194946,2018
Omar Narvaez,97,322,280,77,53,14,1,9,0,2,38,2,2,0,160,0.49689441,2018
Jose Bautista,122,399,325,66,35,18,0,13,4,3,67,6,0,1,198,0.496240602,2018
Carlos Correa,110,468,402,96,60,20,1,15,3,0,53,2,0,11,232,0.495726496,2018
Brandon Belt,112,456,399,101,67,18,2,14,4,0,49,6,0,2,226,0.495614035,2018
Jedd Gyorko,125,402,351,92,61,19,1,11,2,0,44,3,0,4,199,0.495024876,2018
Mark Trumbo,90,358,330,86,57,12,0,17,0,0,24,2,0,2,177,0.494413408,2018
Phil Ervin,78,247,218,55,37,10,1,7,6,1,20,5,0,4,122,0.493927126,2018
Paul DeJong,115,490,436,105,60,25,1,19,1,1,36,12,0,5,242,0.493877551,2018
Curt Casali,52,156,140,41,27,10,0,4,0,2,12,2,1,1,77,0.493589744,2018
J.P. Crawford,49,138,117,25,13,6,3,3,2,0,13,5,2,0,68,0.492753623,2018
Adrian Beltre,119,481,433,118,79,23,1,15,1,0,34,6,0,8,237,0.492723493,2018
Matt Davidson,123,496,434,99,56,23,0,20,0,0,52,7,0,3,244,0.491935484,2018
Tony Kemp,97,295,255,67,46,15,0,6,9,3,32,3,3,1,145,0.491525424,2018
Leonys Martin,84,353,318,81,52,15,3,11,7,4,30,3,0,2,173,0.490084986,2018
Rougned Odor,129,535,474,120,77,23,2,18,12,12,43,11,2,5,262,0.489719626,2018
Yan Gomes,112,435,403,107,65,26,0,16,0,0,21,8,0,3,213,0.489655172,2018
Chad Pinder,110,333,298,77,51,12,1,13,0,2,27,6,2,0,163,0.489489489,2018
Gary Sanchez,89,374,323,60,25,17,0,18,1,0,46,3,0,2,183,0.489304813,2018
Chris Iannetta,110,360,299,67,42,13,1,11,0,0,50,7,1,3,176,0.488888889,2018
Josh Bell,148,583,501,131,84,31,4,12,2,5,77,0,0,5,285,0.488850772,2018
Pedro Alvarez,45,127,111,20,10,2,0,8,0,0,16,0,0,0,62,0.488188976,2018
Jake Bauers,96,388,323,65,30,22,2,11,6,6,54,3,2,6,189,0.487113402,2018
Yadier Molina,123,503,459,120,80,20,0,20,4,3,29,9,0,6,245,0.487077535,2018
Nomar Mazara,128,536,489,126,80,25,1,20,1,0,40,4,0,3,261,0.486940299,2018
Aledmys Diaz,130,452,422,111,67,26,0,18,3,4,23,3,0,4,220,0.486725664,2018
Avisail Garcia,93,385,356,84,52,11,2,19,3,1,20,4,0,5,187,0.485714286,2018
Rafael Devers,121,490,450,108,63,24,0,21,5,2,38,0,0,2,238,0.485714286,2018
Brock Holt,109,367,321,89,62,18,2,7,7,7,37,7,0,2,178,0.485013624,2018
Jose Peraza,157,683,632,182,133,31,4,14,23,6,29,9,8,5,331,0.484626647,2018
Todd Frazier,115,472,408,87,51,18,0,18,9,4,48,8,0,8,228,0.483050847,2018
Max Kepler,156,611,532,119,65,30,4,20,4,5,71,5,0,3,295,0.482815057,2018
Lucas Duda,107,367,328,79,50,14,1,14,1,0,28,8,0,3,177,0.482288828,2018
Brian Dozier,151,632,553,119,66,30,2,21,12,3,70,4,0,5,304,0.481012658,2018
Jorge Polanco,77,333,302,87,60,18,3,6,7,7,25,2,3,1,160,0.48048048,2018
Nick Williams,140,448,407,104,72,12,3,17,3,2,32,9,0,0,215,0.479910714,2018
Derek Dietrich,149,551,499,132,88,26,2,16,2,0,29,21,0,2,264,0.479128857,2018
Yonder Alonso,145,574,516,129,87,19,0,23,0,0,51,2,0,5,275,0.479094077,2018
Austin Hedges,91,326,303,70,40,14,2,14,3,0,21,1,0,1,156,0.478527607,2018
Melky Cabrera,78,278,250,70,47,17,0,6,1,1,20,3,0,5,133,0.478417266,2018
Kevin Pillar,142,542,512,129,72,40,2,15,14,3,18,6,0,6,259,0.477859779,2018
Marcell Ozuna,148,628,582,163,122,16,2,23,3,0,38,3,0,4,300,0.477707006,2018
DJ LeMahieu,128,581,533,147,98,32,2,15,6,5,37,2,2,7,277,0.4767642,2018
David Bote,74,210,184,44,27,9,2,6,3,4,19,4,0,3,100,0.476190476,2018
Wilmer Flores,126,429,386,103,67,25,0,11,0,0,29,5,0,9,204,0.475524476,2018
Yoan Moncada,149,650,578,136,81,32,6,17,12,6,67,1,2,2,309,0.475384615,2018
Renato Nunez,73,261,236,61,39,14,0,8,0,0,19,4,0,2,124,0.475095785,2018
Andrelton Simmons,146,600,554,162,120,26,5,11,10,2,35,5,1,5,285,0.475,2018
Yandy Diaz,39,120,109,34,26,5,2,1,0,0,11,0,0,0,57,0.475,2018
Marwin Gonzalez,145,552,489,121,77,25,3,16,2,3,53,3,5,2,262,0.474637681,2018
Ronald Guzman,123,428,387,91,55,18,2,16,1,0,33,7,0,1,203,0.474299065,2018
Salvador Perez,129,544,510,120,70,23,0,27,1,1,17,12,0,5,258,0.474264706,2018
Willson Contreras,138,544,474,118,76,27,5,10,4,1,53,13,2,2,258,0.474264706,2018
Yairo Munoz,108,329,293,81,57,16,0,8,5,6,30,4,0,2,156,0.474164134,2018
Willy Adames,85,323,288,80,63,7,0,10,6,5,31,1,1,2,153,0.473684211,2018
Tim Anderson,153,606,567,136,85,28,3,20,26,8,30,4,2,3,287,0.47359736,2018
Jeimer Candelario,144,619,539,121,71,28,3,19,3,2,66,9,0,5,293,0.473344103,2018
Cesar Hernandez,161,708,605,153,120,15,3,15,19,6,95,4,1,3,335,0.473163842,2018
Robbie Grossman,129,465,396,108,75,27,1,5,0,1,60,2,2,5,220,0.47311828,2018
Brett Gardner,140,609,530,125,86,20,7,12,16,2,65,5,4,5,288,0.472906404,2018
Domingo Santana,85,235,211,56,36,14,1,5,1,1,20,1,0,3,111,0.472340426,2018
Josh Reddick,134,487,433,105,73,13,2,17,7,2,49,0,1,2,230,0.472279261,2018
Brian Goodwin,75,180,159,38,26,6,0,6,4,2,16,3,1,1,85,0.472222222,2018
Kolten Wong,127,407,353,88,59,18,2,9,6,5,31,14,6,3,192,0.471744472,2018
Austin Romine,77,265,242,59,37,12,0,10,1,0,17,2,1,3,125,0.471698113,2018
Mitch Garver,102,335,302,81,53,19,2,7,0,0,29,2,1,1,158,0.471641791,2018
Jean Segura,144,632,586,178,136,29,3,10,20,11,32,4,4,6,298,0.471518987,2018
Lourdes Gurriel Jr.,65,263,249,70,51,8,0,11,1,2,9,2,1,2,124,0.47148289,2018
Yuli Gurriel,136,573,537,156,109,33,1,13,5,1,23,6,0,7,270,0.471204188,2018
Jason Kipnis,147,601,530,122,75,28,1,18,7,1,60,7,1,3,283,0.470881864,2018
Odubel Herrera,148,597,550,140,96,19,3,22,5,2,38,7,1,1,281,0.470686767,2018
Corey Seager,26,115,101,27,19,5,1,2,0,0,11,2,0,1,54,0.469565217,2018
Dansby Swanson,136,533,478,114,71,25,4,14,10,4,44,2,6,3,250,0.469043152,2018
Brian Anderson,156,670,590,161,112,34,4,11,2,4,62,16,0,2,314,0.468656716,2018
Brad Miller,75,254,230,57,35,13,2,7,0,0,22,0,0,2,119,0.468503937,2018
Pablo Sandoval,92,252,230,57,37,10,1,9,0,0,19,2,0,1,118,0.468253968,2018
Jake Marisnick,103,235,213,45,26,8,1,10,6,2,15,4,1,1,110,0.468085106,2018
Alen Hanson,110,310,294,74,44,17,5,8,7,3,9,1,3,3,145,0.467741935,2018
Jorge Alfaro,108,377,344,90,62,16,2,10,3,0,18,14,0,1,176,0.466843501,2018
Hanley Ramirez,44,195,177,45,32,7,0,6,4,1,14,2,0,2,91,0.466666667,2018
Colin Moran,144,465,415,115,84,19,1,11,0,2,39,4,0,7,217,0.466666667,2018
Joey Rickard,79,230,213,52,33,10,1,8,4,2,15,2,0,0,107,0.465217391,2018
Miguel Sano,71,299,266,53,26,14,0,13,0,0,31,0,0,2,139,0.464882943,2018
Danny Valencia,78,282,255,67,49,8,1,9,1,1,22,0,0,5,131,0.464539007,2018
Max Stassi,88,250,221,50,29,13,0,8,0,0,23,6,0,0,116,0.464,2018
Trey Mancini,156,636,582,141,91,23,3,24,0,1,44,5,0,5,295,0.463836478,2018
Devin Mesoraco,84,274,244,54,33,10,0,11,0,0,25,4,0,1,127,0.46350365,2018
Jace Peterson,96,246,210,42,24,13,2,3,13,3,31,3,1,1,114,0.463414634,2018
Greg Bird,82,311,272,54,26,16,1,11,0,0,30,5,0,4,144,0.463022508,2018
Nick Ahmed,153,564,516,121,67,33,5,16,5,4,40,2,1,5,261,0.462765957,2018
Preston Tucker,97,184,166,38,21,11,0,6,0,0,13,4,0,1,85,0.461956522,2018
Marcus Semien,159,703,632,161,109,35,2,15,14,6,61,1,2,7,324,0.460881935,2018
Daniel Vogelbach,37,102,87,18,12,2,0,4,0,0,13,2,0,0,47,0.460784314,2018
Ben Gamel,101,293,257,70,51,14,4,1,7,3,31,4,0,1,135,0.460750853,2018
Ender Inciarte,156,660,597,158,115,27,6,10,28,14,49,6,4,4,304,0.460606061,2018
Steven Duggar,41,152,141,36,22,11,1,2,5,1,10,0,0,1,70,0.460526316,2018
Greg Allen,91,291,265,68,52,11,3,2,21,4,14,7,4,1,134,0.4604811,2018
Adam Jones,145,613,580,163,113,35,0,15,7,1,24,5,0,4,282,0.460032626,2018
Steven Souza Jr.,72,272,241,53,30,15,3,5,6,1,28,3,0,0,125,0.459558824,2018
Eric Hosmer,157,677,613,155,104,31,2,18,7,4,62,1,0,1,311,0.459379616,2018
A.J. Ellis,66,183,151,41,32,8,0,1,0,0,26,1,3,2,84,0.459016393,2018
Travis Jankowski,117,387,347,90,71,12,3,4,24,7,37,1,2,0,177,0.457364341,2018
Michael A. Taylor,134,385,353,80,49,22,3,6,24,6,29,1,2,0,176,0.457142857,2018
Manny Pina,98,337,306,77,53,13,2,9,2,0,21,5,1,4,154,0.456973294,2018
Mike Zunino,113,405,373,75,37,18,0,20,0,0,24,6,0,2,185,0.456790123,2018
Brandon Crawford,151,594,531,135,91,28,2,14,4,5,50,8,0,5,271,0.456228956,2018
Tyler Flowers,82,296,251,57,40,9,0,8,0,0,35,9,0,1,135,0.456081081,2018
Alex Gordon,141,568,506,124,87,24,0,13,12,2,50,10,0,2,259,0.455985915,2018
Nick Hundley,96,305,282,68,43,13,2,10,2,1,22,1,0,0,139,0.455737705,2018
Kevin Plawecki,79,277,238,50,28,13,2,7,0,1,28,9,1,1,126,0.454873646,2018
Leury Garcia,82,275,258,70,55,7,4,4,12,1,9,3,4,1,125,0.454545455,2018
Luke Maile,68,231,202,50,33,13,1,3,2,0,25,2,0,2,105,0.454545455,2018
Jason Heyward,127,489,440,119,84,23,4,8,1,1,42,2,2,2,222,0.45398773,2018
Matt Wieters,76,271,235,56,40,8,0,8,0,1,30,3,1,2,123,0.453874539,2018
Tyler Saladino,58,139,126,31,22,4,0,5,2,2,9,1,2,1,63,0.45323741,2018
Chris Young,56,128,113,19,10,2,1,6,2,0,11,2,1,1,58,0.453125,2018
Buster Posey,105,448,398,113,85,22,1,5,3,2,45,3,0,2,203,0.453125,2018
Evan Longoria,125,512,480,117,72,25,4,16,3,1,22,5,0,5,232,0.453125,2018
Starlin Castro,154,647,593,165,119,32,2,12,6,4,48,0,0,6,293,0.452859351,2018
Francisco Arcia,40,106,103,21,10,5,0,6,1,0,1,2,0,0,48,0.452830189,2018
Albert Pujols,117,498,465,114,75,20,0,19,1,0,28,2,0,3,225,0.451807229,2018
Ian Kinsler,128,534,487,117,77,26,0,14,16,7,40,4,0,3,241,0.451310861,2018
Johnny Field,83,233,221,49,27,13,0,9,4,0,7,3,1,1,105,0.450643777,2018
Jose Iglesias,125,464,432,116,77,31,3,5,15,6,19,8,3,2,209,0.450431034,2018
Craig Gentry,68,169,156,42,34,5,2,1,12,3,11,1,1,0,76,0.449704142,2018
Jonathan Schoop,131,501,473,110,66,22,1,21,1,1,19,4,1,4,225,0.449101796,2018
Brandon Guyer,103,221,194,40,22,11,0,7,1,1,15,11,1,0,99,0.447963801,2018
Gorkys Hernandez,142,451,414,97,64,16,2,15,8,5,27,4,2,4,202,0.44789357,2018
Mac Williamson,28,105,94,20,12,4,0,4,1,1,11,0,0,0,47,0.447619048,2018
Welington Castillo,49,181,170,44,31,7,0,6,1,0,9,2,0,0,81,0.447513812,2018
Matt Joyce,83,246,207,43,27,9,0,7,0,2,35,1,1,2,110,0.447154472,2018
Gerardo Parra,142,443,401,114,91,17,0,6,11,4,32,5,2,3,198,0.446952596,2018
Ryon Healy,133,524,493,116,77,15,0,24,0,0,27,2,0,2,234,0.446564885,2018
Ryan McMahon,91,202,181,42,27,9,1,5,1,0,18,2,0,1,90,0.445544554,2018
John Hicks,81,312,288,75,53,12,1,9,0,1,22,0,1,1,139,0.445512821,2018
Jordy Mercer,117,436,394,99,62,29,2,6,2,0,32,6,1,3,194,0.444954128,2018
Kyle Seager,155,630,583,129,70,36,1,22,2,2,38,5,0,4,280,0.444444444,2018
Kevin Kiermaier,88,367,332,72,44,12,9,7,10,5,25,6,2,2,163,0.444141689,2018
Kole Calhoun,137,552,491,102,63,18,2,19,6,2,53,1,0,6,245,0.44384058,2018
Hernan Perez,132,334,316,80,58,11,2,9,11,3,17,0,0,1,148,0.443113772,2018
Dominic Smith,56,149,143,32,15,11,1,5,0,0,4,2,0,0,66,0.44295302,2018
Logan Morrison,95,359,318,59,31,13,0,15,1,0,34,6,0,1,159,0.442896936,2018
Ehire Adrianza,114,366,335,84,54,23,1,6,5,1,24,1,4,2,162,0.442622951,2018
Yolmer Sanchez,155,662,600,145,93,34,10,8,14,6,49,8,2,3,293,0.442598187,2018
Amed Rosario,154,592,554,142,99,26,8,9,24,11,29,3,3,3,262,0.442567568,2018
Joe Mauer,127,543,486,137,103,27,1,6,0,1,51,2,1,3,240,0.44198895,2018
Matt Duffy,132,560,503,148,121,22,1,4,12,6,47,7,1,2,247,0.441071429,2018
Jay Bruce,94,361,319,71,43,18,1,9,2,3,41,0,0,1,159,0.440443213,2018
Mikie Mahtook,67,250,223,45,30,4,2,9,4,1,21,3,0,3,110,0.44,2018
Tucker Barnhart,138,522,460,114,80,21,3,10,0,4,54,2,3,3,229,0.438697318,2018
Kevan Smith,52,187,171,50,41,6,0,3,1,0,10,5,0,1,82,0.438502674,2018
Cory Spangenberg,116,329,298,70,50,9,4,7,6,1,25,2,4,0,144,0.43768997,2018
Russell Martin,90,352,289,56,38,8,0,10,0,3,56,7,0,0,154,0.4375,2018
Neil Walker,113,398,347,76,52,12,1,11,0,0,42,5,0,4,174,0.43718593,2018
Nicky Delmonico,88,318,284,61,37,11,5,8,1,2,27,6,0,1,139,0.437106918,2018
Jorge Bonifacio,69,270,236,53,31,16,2,4,0,1,29,2,1,2,118,0.437037037,2018
Carlos Gomez,118,408,360,75,49,15,2,9,12,3,25,21,2,0,178,0.43627451,2018
Manuel Margot,141,519,477,117,75,26,8,8,11,10,32,2,1,7,226,0.435452794,2018
Aaron Altherr,105,285,243,44,24,11,1,8,3,2,36,4,0,2,124,0.435087719,2018
Zack Cozart,58,253,224,49,29,13,2,5,0,0,19,7,0,3,110,0.434782609,2018
Freddy Galvis,162,656,602,149,100,31,5,13,8,6,45,2,1,6,285,0.43445122,2018
Wilmer Difo,148,456,408,94,66,14,7,7,10,3,39,2,3,4,198,0.434210526,2018
Billy Hamilton,153,556,504,119,90,16,9,4,34,10,46,1,1,4,241,0.433453237,2018
Ryan LaMarre,76,180,165,46,33,11,0,2,2,2,10,2,0,3,78,0.433333333,2018
Adrian Gonzalez,54,187,169,40,29,5,0,6,0,0,15,1,0,2,81,0.43315508,2018
Hunter Dozier,102,388,362,83,49,19,4,11,2,3,24,1,0,1,168,0.432989691,2018
JaCoby Jones,129,467,429,89,50,22,6,11,13,5,24,11,1,2,202,0.43254818,2018
Mason Williams,51,132,123,36,28,5,1,2,1,2,7,0,2,0,57,0.431818182,2018
Jose Miguel Fernandez,36,123,116,31,21,8,0,2,1,0,6,1,0,0,53,0.430894309,2018
Delino DeShields,106,393,334,72,55,14,1,2,20,4,43,3,12,1,169,0.430025445,2018
Jose Briceno,46,128,117,28,21,2,0,5,0,1,8,2,1,0,55,0.4296875,2018
Adam Duvall,138,427,384,75,40,20,0,15,2,2,37,5,0,1,183,0.428571429,2018
Jake Lamb,56,238,207,46,32,8,0,6,1,2,26,1,0,4,102,0.428571429,2018
Jordan Luplow,37,103,92,17,10,1,3,3,2,2,10,1,0,0,44,0.427184466,2018
Isiah Kiner-Falefa,111,396,356,93,69,18,2,4,7,5,28,6,5,1,169,0.426767677,2018
Erik Gonzalez,81,143,136,36,24,10,1,1,3,0,5,2,0,0,61,0.426573427,2018
Richard Urena,40,108,99,29,24,4,0,1,2,1,7,0,2,0,46,0.425925926,2018
Guillermo Heredia,125,337,292,69,49,14,1,5,2,4,32,4,7,2,143,0.424332344,2018
Eduardo Nunez,127,502,480,127,91,23,3,10,7,2,16,2,1,3,213,0.424302789,2018
Cedric Mullins,45,191,170,40,27,9,0,4,2,3,17,2,2,0,81,0.42408377,2018
Austin Wynns,42,118,110,28,22,2,0,4,0,0,5,0,3,0,50,0.423728814,2018
Jose Osuna,51,111,106,24,12,9,0,3,0,0,3,1,0,1,47,0.423423423,2018
Alex Avila,80,234,194,32,19,6,0,7,0,0,37,1,0,2,99,0.423076923,2018
Tim Beckham,96,402,369,85,56,17,0,12,1,2,27,3,1,2,170,0.422885572,2018
Josh Harrison,97,374,344,86,64,13,1,8,3,0,18,5,2,5,158,0.422459893,2018
Cameron Maybin,129,384,342,85,65,14,2,4,10,5,38,2,0,2,162,0.421875,2018
Jim Adduci,59,185,176,47,34,8,2,3,1,0,6,0,2,1,78,0.421621622,2018
Yangervis Solarte,122,506,468,106,69,20,0,17,1,3,31,3,1,3,213,0.420948617,2018
Elvis Andrus,97,428,395,101,72,20,3,6,5,3,28,3,0,2,180,0.420560748,2018
David Fletcher,80,307,284,78,57,18,2,1,3,0,15,3,3,2,129,0.42019544,2018
Albert Almora,152,479,444,127,97,24,1,5,1,3,24,3,2,6,201,0.419624217,2018
Austin Dean,34,122,113,25,17,4,0,4,1,0,7,2,0,0,51,0.418032787,2018
Devon Travis,103,378,357,83,55,14,3,11,3,2,16,5,0,0,158,0.417989418,2018
Austin Slater,74,225,199,50,42,6,1,1,7,0,20,5,0,1,94,0.417777778,2018
John Ryan Murphy,87,223,208,42,24,9,0,9,0,0,11,1,2,1,93,0.417040359,2018
Brian McCann,63,216,189,40,30,3,0,7,0,1,19,6,0,2,90,0.416666667,2018
Jefry Marte,90,209,194,42,27,7,1,7,1,1,13,2,0,0,87,0.416267943,2018
Dee Strange-Gordon,141,588,556,149,120,17,8,4,30,12,9,9,9,5,244,0.414965986,2018
Jon Jay,143,586,527,141,112,19,7,3,4,3,33,18,5,3,243,0.414675768,2018
Addison Russell,130,465,420,105,78,21,1,5,4,0,40,2,1,2,192,0.412903226,2018
JT Riddle,102,332,308,71,48,10,4,9,0,3,20,0,3,1,137,0.412650602,2018
Rajai Davis,101,216,196,44,36,6,1,1,21,7,11,4,4,1,89,0.412037037,2018
Sean Rodriguez,66,173,150,25,14,5,1,5,1,0,22,1,0,0,71,0.410404624,2018
Andrew Knapp,84,215,187,37,25,6,2,4,1,0,24,2,1,1,88,0.409302326,2018
Jarrod Dyson,67,237,206,39,31,4,2,2,16,3,27,0,3,1,97,0.4092827,2018
Ryan Rua,61,147,139,27,17,3,1,6,3,1,5,0,2,1,60,0.408163265,2018
Austin Barnes,100,238,200,41,32,5,0,4,4,3,31,6,1,0,97,0.407563025,2018
Tony Wolters,74,216,182,31,20,4,4,3,2,0,26,6,0,2,88,0.407407407,2018
Erik Kratz,67,219,203,48,36,6,0,6,1,0,6,7,1,2,89,0.406392694,2018
Spencer Kieboom,52,143,125,29,22,5,0,2,0,0,16,1,0,1,58,0.405594406,2018
Victor Martinez,133,508,467,117,87,21,0,9,0,0,32,2,0,7,206,0.405511811,2018
Greg Garcia,114,208,181,40,31,6,0,3,3,1,20,4,1,2,84,0.403846154,2018
Bradley Zimmer,34,114,106,24,17,5,0,2,4,1,7,1,0,0,46,0.403508772,2018
Josh Phegley,39,102,93,19,10,7,0,2,0,0,6,1,0,2,41,0.401960784,2018
Adeiny Hechavarria,94,321,296,73,56,11,0,6,2,0,16,0,2,7,129,0.401869159,2018
Adam Engel,143,463,429,101,74,17,4,6,16,8,18,8,7,1,186,0.401727862,2018
Taylor Ward,40,147,135,24,15,3,0,6,2,0,9,3,0,0,59,0.401360544,2018
Dexter Fowler,90,334,289,52,34,10,0,8,5,2,38,3,0,4,134,0.401197605,2018
Chase Utley,87,187,164,35,23,10,1,1,3,1,17,5,0,1,75,0.401069519,2018
Blake Swihart,82,207,192,44,31,10,0,3,6,1,15,0,0,0,83,0.400966184,2018
Miguel Rojas,153,528,488,123,99,13,0,11,6,3,24,9,2,4,211,0.399621212,2018
Jose Pirela,146,473,438,109,79,23,2,5,6,3,30,3,0,2,189,0.399577167,2018
Dustin Fowler,69,203,192,43,32,3,2,6,6,4,8,1,0,2,81,0.399014778,2018
Martin Maldonado,119,404,373,84,56,18,1,9,0,1,16,11,2,2,161,0.398514851,2018
Scott Kingery,147,484,452,102,69,23,2,8,10,3,24,3,0,5,192,0.396694215,2018
Grayson Greiner,30,116,96,21,15,6,0,0,0,1,17,0,0,3,46,0.396551724,2018
Luis Valbuena,96,288,266,53,35,9,0,9,3,0,19,1,0,2,114,0.395833333,2018
Joe Panik,102,392,358,91,72,14,1,4,4,2,26,3,1,4,155,0.395408163,2018
Jose Reyes,110,251,228,43,24,12,3,4,5,2,22,0,1,0,99,0.394422311,2018
Ronny Rodriguez,62,206,191,42,30,7,0,5,2,0,10,0,3,2,81,0.393203883,2018
Drew Robinson,47,125,109,20,14,3,0,3,2,1,16,0,0,0,49,0.392,2018
Willie Calhoun,35,108,99,22,15,5,0,2,0,0,6,1,0,2,42,0.388888889,2018
Chris Owings,106,309,281,58,39,15,0,4,11,4,24,2,0,2,120,0.388349515,2018
Tyler Naquin,61,183,174,46,36,7,0,3,1,1,6,2,0,1,71,0.387978142,2018
Brandon Dixon,74,124,118,21,10,6,0,5,0,0,6,0,0,0,48,0.387096774,2018
Tommy La Stella,123,192,169,45,36,8,0,1,0,1,17,2,0,0,74,0.385416667,2018
Ryan Flaherty,81,182,161,35,27,6,0,2,4,2,18,1,1,1,70,0.384615385,2018
Rafael Lopez,37,117,102,18,13,2,0,3,1,0,13,0,0,2,45,0.384615385,2018
Eric Young Jr.,41,117,109,22,15,4,2,1,5,1,6,1,0,1,45,0.384615385,2018
Gregor Blanco,68,203,189,41,29,7,3,2,6,2,12,0,1,1,78,0.384236453,2018
Alcides Escobar,140,531,485,112,83,22,3,4,8,2,29,5,8,4,204,0.384180791,2018
Jonathan Lucroy,126,454,415,100,74,21,1,4,0,0,29,3,1,6,174,0.383259912,2018
Hunter Pence,97,248,235,53,37,11,1,4,5,1,11,0,0,2,95,0.383064516,2018
Ronald Torreyes,41,102,100,28,20,7,1,0,0,0,2,0,0,0,39,0.382352941,2018
Alex Blandino,69,147,128,30,25,4,0,1,0,0,13,4,2,0,56,0.380952381,2018
Rob Refsnyder,40,103,84,14,9,3,0,2,0,2,18,0,0,0,39,0.378640777,2018
Lewis Brinson,109,406,382,76,50,10,5,11,2,1,17,4,0,2,153,0.376847291,2018
Roberto Perez,62,210,179,30,18,9,1,2,1,0,21,1,7,2,79,0.376190476,2018
Carlos Asuaje,79,218,189,37,26,8,1,2,1,1,24,1,1,3,82,0.376146789,2018
Cheslor Cuthbert,30,117,103,20,15,2,0,3,0,1,11,2,0,1,44,0.376068376,2018
Austin Jackson,116,375,347,85,64,17,1,3,3,3,26,1,0,1,141,0.376,2018
Logan Forsythe,120,416,371,86,68,16,0,2,3,0,41,3,0,1,156,0.375,2018
Drew Butera,61,182,163,31,19,9,0,3,0,0,15,2,0,2,68,0.373626374,2018
Victor Caratini,76,200,181,42,33,7,0,2,0,0,12,4,2,1,74,0.37,2018
Chris Davis,128,522,470,79,51,12,0,16,2,0,41,7,0,4,193,0.369731801,2018
Chance Sisco,63,184,160,29,19,8,0,2,1,0,13,11,0,0,68,0.369565217,2018
Brett Phillips,51,147,134,25,16,4,3,2,1,1,11,1,0,1,54,0.367346939,2018
Abraham Almonte,50,151,134,24,18,1,2,3,2,2,15,0,1,1,55,0.364238411,2018
Rosell Herrera,86,302,278,65,47,14,3,1,3,5,19,2,1,2,110,0.364238411,2018
Charlie Tilson,41,121,106,28,26,1,1,0,2,3,10,1,2,1,44,0.363636364,2018
Caleb Joseph,82,280,265,58,39,14,2,3,2,1,10,3,1,1,101,0.360714286,2018
David Freitas,36,106,93,20,13,6,0,1,0,0,8,0,1,0,38,0.358490566,2018
Bobby Wilson,47,151,135,24,14,8,0,2,0,0,12,0,2,2,54,0.357615894,2018
Dawel Lugo,27,101,94,20,14,4,1,1,0,0,7,0,0,0,36,0.356435644,2018
Noel Cuevas,75,153,146,34,27,4,1,2,1,0,6,1,0,0,54,0.352941176,2018
James McCann,118,457,427,94,70,16,0,8,0,3,26,2,0,2,161,0.352297593,2018
Anthony Santander,33,108,101,20,13,5,1,1,1,0,6,1,0,0,38,0.351851852,2018
Orlando Arcia,119,366,348,82,63,16,0,3,7,4,15,1,1,1,128,0.349726776,2018
Jeff Mathis,69,218,195,39,28,9,1,1,0,0,20,0,1,2,76,0.348623853,2018
Dixon Machado,67,233,214,44,29,13,1,1,1,1,14,3,1,1,81,0.347639485,2018
Victor Reyes,100,219,212,47,38,5,3,1,9,1,5,0,1,1,76,0.347031963,2018
Martin Prado,54,209,197,48,38,9,0,1,1,1,11,1,0,0,72,0.344497608,2018
Rafael Ortega,41,143,133,31,27,3,1,0,5,2,10,0,0,0,49,0.342657343,2018
Christian Vazquez,80,269,251,52,39,10,0,3,4,1,13,4,1,0,92,0.342007435,2018
Ryan Goins,41,120,115,26,17,8,1,0,0,0,4,0,1,0,41,0.341666667,2018
Carlos Tocci,66,135,120,27,22,3,2,0,0,3,7,1,6,1,46,0.340740741,2018
Sandy Leon,89,288,265,47,30,12,0,5,1,0,15,4,3,1,98,0.340277778,2018
Pedro Severino,70,213,190,32,21,9,0,2,1,0,18,4,0,1,71,0.333333333,2018
Bryan Holaday,61,166,151,31,25,5,0,1,0,0,10,2,1,2,54,0.325301205,2018
Yadiel Rivera,111,160,139,24,20,3,0,1,2,1,19,0,0,2,52,0.325,2018
Francisco Pena,58,142,133,27,22,3,0,2,1,0,6,1,0,2,46,0.323943662,2018
Kaleb Cowart,47,124,112,15,6,7,1,1,1,0,10,1,0,1,40,0.322580645,2018
Andrew Romine,72,131,119,25,22,2,1,0,1,0,7,1,4,0,42,0.320610687,2018
Jesus Sucre,73,198,182,38,32,5,0,1,1,0,9,1,4,2,63,0.318181818,2018
Eric Sogard,55,113,97,13,10,3,0,0,3,0,12,2,1,1,35,0.309734513,2018
Kelby Tomlinson,63,152,140,29,23,4,2,0,0,2,9,2,1,0,47,0.309210526,2018
Pat Valaika,68,133,122,19,12,5,0,2,0,0,9,0,2,0,41,0.308270677,2018
JB Shuck,70,142,130,25,21,3,1,0,2,2,10,1,1,0,42,0.295774648,2018
J.D. Davis,42,113,103,18,15,2,0,1,0,0,10,0,0,0,33,0.292035398,2018
Trayce Thompson,51,137,128,15,9,3,0,3,3,1,7,0,1,1,38,0.277372263,2018
Magneuris Sierra,54,156,147,28,25,3,0,0,3,2,6,0,3,0,41,0.262820513,2018
